A,B,brake_s,cmd_A,cmd_B,fall_step,fell,fell_in_A,final_vx,peak_tilt_1s,phase,reason,seed,settle_s,speed_at_switch,tilt_at_switch,via,warmup
walk,terrain,,0.44124206151515,0.6101582044887743,,False,False,0.617769059784845,3.869562366648897,0.9519715300702707,,7000,0.0,0.4453545872784524,3.749712932828803,,0
walk,terrain,,0.5314281874292841,0.46848037823865574,,False,False,0.4962146968686953,3.711202719633821,0.2533113134846845,,7001,0.0,0.5281339523499797,2.5501600731017517,,0
walk,terrain,,0.4554596801174362,0.6176762002967765,,False,False,0.6322662181360222,3.9661652903719924,0.07140106394045805,,7002,0.38,0.45508724993203703,3.398346051303609,,0
walk,terrain,,0.4539899395926182,0.5070833674993289,,False,False,0.5253802219952236,6.889340562205659,0.36171756464902904,,7003,3.7800000000000002,0.4146343015347034,2.6990008559496546,,0
walk,terrain,,0.5112999483100555,0.5311001022760642,,False,False,0.5467986405888016,3.749355482753842,0.989924346949264,,7004,0.42,0.5272247222793,3.9635700341628857,,0
walk,terrain,,0.35512329166487644,0.48070831950571324,,False,False,0.5018719571834871,3.829708525593058,0.5102777980311557,,7005,0.08,0.33371565214321375,2.858783737956421,,0
walk,terrain,,0.4019074558121564,0.4296147793326133,,False,False,0.46509577716528694,7.165839675637519,0.20947721252257928,,7006,,0.4013586006224863,2.326790685952328,,0
walk,terrain,,0.3345171827247623,0.6189750674298349,,False,False,0.6225602940575068,3.6840920047284795,0.6420732723013569,,7007,0.1,0.34404298367626784,2.08905730894702,,0
walk,terrain,,0.5629638846939471,0.6700307751579757,,False,False,0.6674532443371943,3.446444327569498,0.4274835708366301,,7008,0.0,0.5361444645496302,3.0600590952419235,,0
walk,terrain,,0.440116826669863,0.6867754041783382,,False,False,0.6831581638550058,3.456444072138623,0.547902340946012,,7009,0.12,0.41190123762540776,2.8603591197922618,,0
walk,terrain,,0.3567817873255723,0.444278496285158,,False,False,0.47280844449830817,7.987405569164516,0.688355070689747,,7010,,0.3751918869486982,2.513989422567886,,0
walk,terrain,,0.5622301795329494,0.7789671391068526,,False,False,0.7929361594491726,4.341112573997524,0.12530890794856778,,7011,0.02,0.5409584721491669,3.1543481567397116,,0
walk,terrain,,0.4678340925324488,0.6762169405384807,,False,False,0.6681841643253211,3.8671368630732657,0.7933143698878691,,7012,0.02,0.478460370120364,3.324373829932259,,0
walk,terrain,,0.47490655797258907,0.7216882482651722,,False,False,0.7695731126674273,4.147679715695444,0.37931525649015085,,7013,0.02,0.43281552105691956,2.746082129092107,,0
walk,terrain,,0.4627233071336764,0.7916758801960797,,False,False,0.7854306778552508,5.588358943228832,0.10236768968293211,,7014,1.06,0.4459318393369545,3.168681558017184,,0
walk,terrain,,0.36443628881179124,0.4199903092863661,,False,False,0.4796079725885093,3.715080297932491,0.9810455653540757,,7015,,0.36642834608797503,3.6314682801900715,,0
walk,terrain,,0.4706414497632334,0.6049368427137574,,False,False,0.6207034753785622,4.620746072259237,0.0728237991582132,,7016,0.72,0.47072059717035253,3.441477194305565,,0
walk,terrain,,0.43463487978173204,0.5278121901796744,,False,False,0.5488176824746521,9.122560096331432,0.7637511576799545,,7017,3.22,0.4533347457301758,2.9733409422696653,,0
walk,terrain,,0.5605848134574674,0.7518447504313028,,False,False,0.7348348368577834,4.494059592111511,0.778834674252384,,7018,0.02,0.5706124792305708,3.356468195725749,,0
walk,terrain,,0.3711836141815178,0.6037197352551606,,False,False,0.6135500994734534,6.704979283978878,0.672769247314962,,7019,0.86,0.38481185151688074,2.4088949944579983,,0
walk,terrain,,0.5075773426227208,0.5630189100581147,,False,False,0.575225253159984,5.667304745124404,0.28333701819968704,,7020,3.8000000000000003,0.4935669250879207,2.435581263213283,,0
walk,terrain,,0.5882938556665516,0.5127148906686774,,False,False,0.5327886244174974,7.139558567119831,0.6244339602769389,,7021,2.18,0.5658440668688847,2.3353806552114023,,0
walk,terrain,,0.4340887138374979,0.6168440274235385,,False,False,0.6470187781774693,4.023003320734902,0.7930533385977381,,7022,0.02,0.4457679649944696,3.245354782151092,,0
walk,terrain,,0.5183809891645426,0.5027251118341246,,False,False,0.5323993450290531,5.614913903647746,0.1253658243318875,,7023,1.08,0.4955999946685752,3.0615090482943432,,0
walk,terrain,,0.4856174554134234,0.48979999075808145,,False,False,0.5396128849925215,3.8975009458438032,0.7337505884515025,,7024,0.26,0.4974984499830789,3.0294617718364503,,0
walk,terrain,,0.5652192531962406,0.6510893193211202,,False,False,0.6506345008721213,6.1863587886106215,0.447244027494973,,7025,0.9400000000000001,0.5400560614900072,3.4424082207378603,,0
walk,terrain,,0.31959088340906067,0.6741462754818073,,False,False,0.6785513992585845,4.992015970726789,0.22095161123414725,,7026,0.64,0.3186661781184738,2.2415147006592457,,0
walk,terrain,,0.41437168857135376,0.7007360716813588,,False,False,0.7038304965106243,3.622657310756248,0.06065519482685962,,7027,0.08,0.41941140841749674,3.3137923849566624,,0
walk,terrain,,0.468785497845157,0.6234537725708722,,False,False,0.6223298304539202,6.435764994240687,0.8796795466692717,,7028,3.58,0.45740636795873824,3.7129365479431247,,0
walk,terrain,,0.4687355408943411,0.5982027455738068,,False,False,0.6045540855010648,2.617925552100864,0.6865957261133802,,7029,0.02,0.4741178247824802,2.746700062113893,,0
walk,terrain,,0.3455511209030169,0.48974022503419656,,False,False,0.5076359628145886,6.850528424362649,0.34552687893600414,,7030,,0.3088951616517173,2.6289376792102237,,0
walk,terrain,,0.4326501604689543,0.5002144598039702,,False,False,0.5250566338647209,3.987885899061673,0.7633470516880982,,7031,0.48,0.45156573267330063,2.9661040999511195,,0
walk,terrain,,0.5289696211752936,0.756041302096732,,False,False,0.7397725786454318,3.54477434906229,0.8093247211280619,,7032,0.02,0.5364355064742913,3.428499257368831,,0
walk,terrain,,0.41589345211726186,0.6706878120477553,,False,False,0.7157391743597284,3.4966832610555194,0.2588984896403155,,7033,0.32,0.40915907364831333,2.361443005854806,,0
walk,terrain,,0.4588961599133269,0.6297755321230485,,False,False,0.6743547421034279,3.6240495442254086,0.23998086173597694,,7034,0.32,0.4534226536635594,2.46453941035346,,0
walk,terrain,,0.39421666468586836,0.6160581609139839,,False,False,0.6634696934442212,4.190304707804006,0.18794347530901778,,7035,0.34,0.3869778752002321,2.464650856212632,,0
walk,terrain,,0.329544581281394,0.7272546439675682,,False,False,0.7744330007322165,4.04193229661657,0.5529176898517312,,7036,0.14,0.3172896402567854,2.4257089646055476,,0
walk,terrain,,0.5788943911885738,0.4049458013727843,,False,False,0.44053523279414536,3.342178922365247,0.6677703073558103,,7037,,0.5682149354500337,2.5494336928471717,,0
walk,terrain,,0.37478318341568395,0.5060264196370502,,False,False,0.553464569403891,4.279752888401062,0.9388822183486616,,7038,0.44,0.370848323341369,3.6274847614813956,,0
walk,terrain,,0.46141253949707095,0.7563326043549009,,False,False,0.7404910283044589,3.584770051278732,0.9648485071723263,,7039,0.0,0.46973627184163375,3.7671433868982627,,0
walk,terrain,,0.5499365220574319,0.4459476322022479,,False,False,0.4729669624263513,9.397156457821074,0.8738783463983821,,7040,,0.542132603341879,3.8139470917016056,,0
walk,terrain,,0.5400536271664782,0.4991604647793168,,False,False,0.529383174117344,3.6025121618131255,0.1247377441229364,,7041,,0.5181403692905667,3.110718884480107,,0
walk,terrain,,0.4034739317446357,0.6997154884228716,,False,False,0.6961439224918248,5.4680816084972825,0.5611794524911875,,7042,0.5,0.3906976360048511,2.4887367449690783,,0
walk,terrain,,0.5860676885217467,0.6010072979987456,,False,False,0.6078206266475474,3.5371284133961476,0.4706991517038075,,7043,0.0,0.5753385453851996,3.322908099053499,,0
walk,terrain,,0.5495025735747732,0.40141850468256995,,False,False,0.43624155180167196,5.8543866373312445,0.9719056759353903,,7044,,0.5697039849902529,4.028558345353292,,0
walk,terrain,,0.49133872442683774,0.4995279202941387,,False,False,0.5220862935814019,4.149391131298761,0.9687687296573151,,7045,0.34,0.5039959082095489,3.8755822991847997,,0
walk,terrain,,0.4301050389985691,0.6188693752834078,,False,False,0.6214767827149967,4.00150029322989,0.7964196694051051,,7046,0.02,0.44211138981142895,3.2310389757191933,,0
walk,terrain,,0.4275046630631706,0.46837673538203867,,False,False,0.4944157279545398,7.607292344196536,0.6690566398163793,,7047,,0.43589891982598816,2.417612860670047,,0
walk,terrain,,0.37546176826442257,0.7792069421184697,,False,False,0.7652603861333782,3.956123853882799,0.5218837653798865,,7048,0.16,0.3612966483647489,2.7809787588208947,,0
walk,terrain,,0.541152213465229,0.7703858756532681,,False,False,0.7582994441152633,3.148295585617674,0.6629164879704352,,7049,0.06,0.53328451729704,2.4724179380686615,,0
terrain,walk,,0.7684272339579266,0.47106949597261416,,False,False,0.46447086192466236,4.292343761815273,0.9519715300702707,,7000,0.14,0.7817303588617796,1.5316703926036512,,0
terrain,walk,,0.6481838972294871,0.35594563723842676,,False,False,0.34813012723394726,4.061662456862531,0.2533113134846845,,7001,0.48,0.6445688521130193,2.8239166475722044,,0
terrain,walk,,0.4565085886782767,0.3222548043867759,,False,False,0.31436635061355866,3.625683980707347,0.07140106394045805,,7002,0.54,0.5201338016166521,1.9429014161239648,,0
terrain,walk,,0.6535532363890919,0.5905519793098758,,False,False,0.5852499285781909,3.9982978441730492,0.36171756464902904,,7003,0.0,0.6517457974439227,2.1902137358558447,,0
terrain,walk,,0.7721317386476783,0.42344457501021476,,False,False,0.41371790649287177,4.034117117608092,0.989924346949264,,7004,0.18,0.8339700129880664,0.45662405800496336,,0
terrain,walk,,0.5923917736504406,0.39514459848971417,,False,False,0.3821317301010093,6.074739436093175,0.5102777980311557,,7005,0.2,0.5924796408359267,1.6571663038920117,,0
terrain,walk,,0.43252853781626965,0.34478043003817976,,False,False,0.3376434671314562,3.443609622062804,0.20947721252257928,,7006,0.22,0.43887362872372504,3.1836898169626933,,0
terrain,walk,,0.6418290459786908,0.3885257979449476,,False,False,0.3739259564259858,6.1335357306836835,0.6420732723013569,,7007,0.5,0.6433926517188033,1.2233153212494885,,0
terrain,walk,,0.599026181674057,0.5476867896704765,,False,False,0.5390210624174515,3.909959544141883,0.4274835708366301,,7008,0.0,0.5836073608552015,1.7630408491651521,,0
terrain,walk,,0.5543295417344711,0.408891874011366,,False,False,0.3926088356225347,6.552956504717221,0.547902340946012,,7009,0.34,0.5988165828208654,2.3845748366897332,,0
terrain,walk,,0.6938944028241066,0.5580599969733472,,False,False,0.5479680480683551,4.948891721249169,0.688355070689747,,7010,0.1,0.5760952336681758,4.232686409257103,,0
terrain,walk,,0.6210800539580238,0.5886579270151155,,False,False,0.5880090869749073,4.1673833955296935,0.12530890794856778,,7011,0.0,0.650597005957225,1.5954699277301345,,0
terrain,walk,,0.6064929841167874,0.39976603398656047,,False,False,0.3911254412549338,6.1182449981135685,0.7933143698878691,,7012,0.44,0.591402060613219,3.4619873847429083,,0
terrain,walk,,0.4259136021870335,0.34965746255683705,,False,False,0.3373082045654245,4.640100301836638,0.37931525649015085,,7013,0.46,0.4975287781234023,3.045135607432356,,0
terrain,walk,,0.5642274719238729,0.354573514113816,,False,False,0.3464745840303912,3.902162784933839,0.10236768968293211,,7014,0.54,0.6153090021780613,3.6703157420219905,,0
terrain,walk,,0.5453869168777243,0.493210750603025,,False,False,0.48683358912695934,4.0934014724825785,0.9810455653540757,,7015,0.02,0.6342017919396394,2.4195448083819318,,0
terrain,walk,,0.7170442061730805,0.30189427847638667,,False,False,0.29393936880452903,4.055589896645264,0.0728237991582132,,7016,0.56,0.7940930337559794,1.980090003644512,,0
terrain,walk,,0.5454885849605061,0.5186141489535498,,False,False,0.5126284385909399,5.355193673112695,0.7637511576799545,,7017,0.1,0.5193582887071287,2.5039694735251903,,0
terrain,walk,,0.6115142117178373,0.4062953942869808,,False,False,0.39926325569021964,5.623151198529219,0.778834674252384,,7018,0.44,0.5801531550150955,1.6732829448687854,,0
terrain,walk,,0.5216424410897178,0.3476276685275734,,False,False,0.33895840060867655,6.412074705631864,0.672769247314962,,7019,0.5,0.5445292597623694,1.1972111570802124,,0
terrain,walk,,0.6959016988667577,0.5919110074476837,,False,False,0.5865351465192186,4.080738513117692,0.28333701819968704,,7020,0.08,0.6964061963589717,4.472217231060128,,0
terrain,walk,,0.7563011727995789,0.3597058205965589,,False,False,0.3484783873622505,5.923013302704422,0.6244339602769389,,7021,0.52,0.7426090514119948,1.4948822264504886,,0
terrain,walk,,0.6155262312751961,0.5821253213380733,,False,False,0.5742640594858769,6.065841925492043,0.7930533385977381,,7022,0.08,0.5978313501417021,3.451711034224231,,0
terrain,walk,,0.7364806333399723,0.4527945162755972,,False,False,0.4460750911686224,4.4512489102034944,0.1253658243318875,,7023,0.16,0.7402190777271523,2.1444265424363365,,0
terrain,walk,,0.6770556435420476,0.3883942594987372,,False,False,0.37927814980052127,6.390248532037353,0.7337505884515025,,7024,0.48,0.6372228409658804,3.408768542830807,,0
terrain,walk,,0.5248705132486707,0.5723015000042457,,False,False,0.5617451800433303,4.649597259145583,0.447244027494973,,7025,0.0,0.521487240072039,1.832744126773106,,0
terrain,walk,,0.6806755287827213,0.5678120051667528,,False,False,0.5652401878080777,4.461792615096022,0.22095161123414725,,7026,0.08,0.6543980969492719,2.499922103608949,,0
terrain,walk,,0.745767392699477,0.516873996832482,,False,False,0.5129671418876555,4.26471499649367,0.06065519482685962,,7027,0.16,0.8295249893920635,1.9445552313007781,,0
terrain,walk,,0.46512520450491496,0.47178232378704976,,False,False,0.46542061569553816,3.985756050857363,0.8796795466692717,,7028,0.0,0.3930908147660331,3.12228374523427,,0
terrain,walk,,0.4774080532212188,0.49492734173418385,,False,False,0.48372163087504527,6.341671146061545,0.6865957261133802,,7029,0.12,0.4997173585542479,1.2606831806055236,,0
terrain,walk,,0.6819566524435579,0.3975077401639493,,False,False,0.3846312596738118,3.8072082839228982,0.34552687893600414,,7030,0.42,0.6506980916037125,5.137754394484213,,0
terrain,walk,,0.7971060946512496,0.48020864455045453,,False,False,0.4742488496611997,5.874899573823887,0.7633470516880982,,7031,0.14,0.7179945155250619,1.7926767132715857,,0
terrain,walk,,0.4606019598434654,0.4782120856628823,,False,False,0.4726433802177158,5.601439352911447,0.8093247211280619,,7032,0.08,0.4738986519240285,1.7597170769677082,,0
terrain,walk,,0.6991399264918994,0.3728193389673989,,False,False,0.365038457450344,3.815732407028737,0.2588984896403155,,7033,0.48,0.7121154859563366,4.744400031136428,,0
terrain,walk,,0.6577106128731708,0.4981506116428829,,False,False,0.4889900469005215,5.272908785514888,0.23998086173597694,,7034,0.46,0.7397375352285653,2.451954210202781,,0
terrain,walk,,0.6814525404209939,0.4095052895557365,,False,False,0.39874131077939523,4.6499599762802815,0.18794347530901778,,7035,0.54,0.7294484518098694,1.9568596117790198,,0
terrain,walk,,0.5640885423083742,0.4022877978102523,,False,False,0.3878809916723893,6.480779260189081,0.5529176898517312,,7036,0.34,0.6100054729821983,2.317912313440428,,0
terrain,walk,,0.5878643056612084,0.3453308517696882,,False,False,0.3372142816882985,6.37111634256939,0.6677703073558103,,7037,0.52,0.6036471913084942,1.1916277623546179,,0
terrain,walk,,0.6694317647023931,0.3696820876674978,,False,False,0.360754198265512,4.170292786882502,0.9388822183486616,,7038,0.14,0.7146121180559651,2.7218187299386543,,0
terrain,walk,,0.45579173027317504,0.3166640480554828,,False,False,0.310892885033704,4.0126665198149984,0.9648485071723263,,7039,0.58,0.5213279872744788,1.905974339183265,,0
terrain,walk,,0.7378811979389606,0.5600386416350064,,False,False,0.5565094589563107,4.106775401766799,0.8738783463983821,,7040,0.08,0.6125025497603429,3.818727189323915,,0
terrain,walk,,0.5193082301649921,0.5466906140864729,,False,False,0.5438661526858164,4.741329981904398,0.1247377441229364,,7041,0.0,0.5213321506944714,2.2143081169135304,,0
terrain,walk,,0.5462741553663313,0.41223641196021604,,False,False,0.399790189530964,6.358840646315805,0.5611794524911875,,7042,0.18,0.5948799869177714,1.633417225784013,,0
terrain,walk,,0.7479081102878989,0.5171939198561138,,False,False,0.5072046806646282,4.799920566361604,0.4706991517038075,,7043,0.14,0.7371536229734074,1.5171121324174408,,0
terrain,walk,,0.7265601361092787,0.5040158522303999,,False,False,0.4996093876818076,3.9889021251313372,0.9719056759353903,,7044,0.12,0.6769457468466455,2.482274257763043,,0
terrain,walk,,0.758348379082652,0.5654408715647152,,False,False,0.5628942135965674,4.420587907104327,0.9687687296573151,,7045,0.1,0.7694604065104288,1.4001003529422906,,0
terrain,walk,,0.5822770736545044,0.4822347989348865,,False,False,0.47338329709705484,5.613222596283358,0.7964196694051051,,7046,0.1,0.564411857395785,1.8242240851639266,,0
terrain,walk,,0.7727567656602972,0.540991378410653,,False,False,0.5336589215067623,4.977328629444705,0.6690566398163793,,7047,0.12,0.6193328667100051,4.540180332539428,,0
terrain,walk,,0.5508682246663829,0.4681329226526846,,False,False,0.4564830954414324,6.71893105128023,0.5218837653798865,,7048,0.18,0.5689778604444645,1.997024295087681,,0
terrain,walk,,0.4267366067487415,0.5089867573673135,,False,False,0.5001003315600794,6.986417131770996,0.6629164879704352,,7049,0.0,0.45888342103001684,3.2684988290893298,,0
stand,terrain,,0.0,0.6101582044887743,,False,False,0.6169252120581513,7.034001183215142,0.4519715300702659,,7000,1.02,0.00012827503988412933,7.7227603666713875,,0
stand,terrain,,0.0,0.46848037823865574,,False,False,0.49616897641014307,6.742191506265054,0.95331131348468,,7001,0.62,-3.146499425818816e-05,7.808273223759231,,0
stand,terrain,,0.0,0.6176762002967765,,False,False,0.6294555053663766,6.829265739417441,0.22140106394045334,,7002,1.12,-0.00020630747391322206,7.815722656195068,,0
stand,terrain,,0.0,0.5070833674993289,,False,False,0.5253203455925308,8.082692186465584,0.4117175646490243,,7003,3.36,0.0001717210087046632,7.626198466221941,,0
stand,terrain,,0.0,0.5311001022760642,,False,False,0.5443430533059564,7.0593883989000865,0.5399243469492593,,7004,0.98,2.9362814092867413e-05,7.732395046264171,,0
stand,terrain,,0.0,0.48070831950571324,,False,False,0.5050477847525009,7.021311000756272,0.8602777980311511,,7005,0.36,5.300528298367548e-05,7.6876653606853225,,0
stand,terrain,,0.0,0.4296147793326133,,False,False,0.45789190177894246,7.271395951248883,0.5594772125225745,,7006,,-0.0001032885651254317,7.907657507924211,,0
stand,terrain,,0.0,0.6189750674298349,,False,False,0.6259387265378463,6.978041182364138,0.04207327230135249,,7007,0.74,0.00038987802285354146,7.7011708277947575,,0
stand,terrain,,0.0,0.6700307751579757,,False,False,0.6678158730947921,7.296845589893813,0.4774835708366252,,7008,1.02,-0.0003599944835042691,8.031243695010865,,0
stand,terrain,,0.0,0.6867754041783382,,False,False,0.6832768527791399,6.987552818020373,0.9979023409460076,,7009,0.74,-0.00016384626435776313,7.772296036482421,,0
stand,terrain,,0.0,0.444278496285158,,False,False,0.4738377398098188,7.026761484157762,0.7383550706897423,,7010,3.96,-6.0049489900653146e-05,7.874413218774426,,0
stand,terrain,,0.0,0.7789671391068526,,False,False,0.8262784786418945,7.2001471594929125,0.4253089079485629,,7011,0.62,-0.0001742147887083654,7.915204943335246,,0
stand,terrain,,0.0,0.6762169405384807,,False,False,0.6796299679594137,6.761028497621574,0.09331436988786446,,7012,0.72,0.00050997302968897,7.7606389502329245,,0
stand,terrain,,0.0,0.7216882482651722,,False,False,0.7695736293045385,6.880886355129195,0.3793152564901465,,7013,0.64,0.00012596522915156387,7.672094797763244,,0
stand,terrain,,0.0,0.7916758801960797,,False,False,0.7614394227118035,6.91104724238618,0.9023676896829277,,7014,1.16,-5.375475093951666e-05,7.727186646110675,,0
stand,terrain,,0.0,0.4199903092863661,,False,False,0.47710720974105164,7.017659435317007,0.9310455653540713,,7015,0.28,0.0007168714567952682,7.735449524630099,,0
stand,terrain,,0.0,0.6049368427137574,,False,False,0.6106366508342176,7.100530358583204,0.8228237991582087,,7016,0.8200000000000001,-5.560407951987413e-05,7.899464628100468,,0
stand,terrain,,0.0,0.5278121901796744,,False,False,0.5492524347931272,6.801483392054226,0.71375115767995,,7017,3.2600000000000002,-8.850332748447926e-06,7.720752467292551,,0
stand,terrain,,0.0,0.7518447504313028,,False,False,0.7327129927216164,6.79310783195418,0.8288346742523792,,7018,0.54,0.0004742631590352524,7.510542685869424,,0
stand,terrain,,0.0,0.6037197352551606,,False,False,0.6138471755731547,8.774114157069695,0.27276924731495744,,7019,1.02,-0.00014632447255821118,7.849941828701478,,0
stand,terrain,,0.0,0.5630189100581147,,False,False,0.5713571899492456,7.231938160798183,0.4833370181996821,,7020,4.12,-0.00010174239936855768,7.954334776740739,,0
stand,terrain,,0.0,0.5127148906686774,,False,False,0.5412439509229404,7.617525037577785,0.12443396027693443,,7021,2.38,0.0002715714041322757,7.7517356331652065,,0
stand,terrain,,0.0,0.6168440274235385,,False,False,0.6584440071862087,7.4553296159361455,0.6430533385977335,,7022,0.54,-1.5113214217400086e-05,7.844039832074121,,0
stand,terrain,,0.0,0.5027251118341246,,False,False,0.5214335549128274,7.218533699563422,0.8753658243318829,,7023,1.58,0.0003975017034188207,7.665380078013639,,0
stand,terrain,,0.0,0.48979999075808145,,False,False,0.45938690290097156,7.43485523115222,0.7337505884514982,,7024,,0.00012603273247333542,7.754706923972767,,0
stand,terrain,,0.0,0.6510893193211202,,False,False,0.6488604139794637,6.988635933953227,0.7972440274949684,,7025,1.2,0.00013257419248263773,7.844561567419396,,0
stand,terrain,,0.0,0.6741462754818073,,False,False,0.6679621502844085,7.28874205439588,0.9209516112341427,,7026,0.66,0.0001910404244975407,7.7530925200686065,,0
stand,terrain,,0.0,0.7007360716813588,,False,False,0.6915469643262084,7.069638836018967,0.8606551948268552,,7027,0.52,0.00038742762615742336,7.780415961463846,,0
stand,terrain,,0.0,0.6234537725708722,,False,False,0.6267891658417263,7.3488972446171035,0.579679546669267,,7028,4.08,0.0002653131954763454,7.589361842490009,,0
stand,terrain,,0.0,0.5982027455738068,,False,False,0.6101647440346223,6.85979494639278,0.18659572611337572,,7029,1.1400000000000001,7.77054959339127e-05,7.758799941622819,,0
stand,terrain,,0.0,0.48974022503419656,,False,False,0.4989860628626513,6.534286092011181,0.8455268789359996,,7030,5.18,-0.00013219034166221815,7.657396707674295,,0
stand,terrain,,0.0,0.5002144598039702,,False,False,0.5230873355276897,7.112308192991759,0.8133470516880934,,7031,0.4,-0.00018876650276243646,7.845407280506628,,0
stand,terrain,,0.0,0.756041302096732,,False,False,0.7443878102276219,6.934459906293161,0.35932472112805713,,7032,0.64,0.00038591643346156664,7.674464318480969,,0
stand,terrain,,0.0,0.6706878120477553,,False,False,0.7156262914538664,7.692222937993196,0.6088984896403108,,7033,0.54,-0.0004272996776664141,8.16691330220038,,0
stand,terrain,,0.0,0.6297755321230485,,False,False,0.6586762095936269,7.16666185264901,0.7899808617359723,,7034,0.44,0.0007874859307183937,7.51488912783998,,0
stand,terrain,,0.0,0.6160581609139839,,False,False,0.6545212773104199,7.2809847403220775,0.6879434753090131,,7035,0.5,6.688228346188655e-05,7.838083363670804,,0
stand,terrain,,0.0,0.7272546439675682,,False,False,0.7744367547545288,7.300271038182985,0.5529176898517268,,7036,0.58,0.00010912508668411591,7.748306464184868,,0
stand,terrain,,0.0,0.4049458013727843,,False,False,0.4392757352621641,7.034461843658553,0.9177703073558058,,7037,0.28,-0.00012596538754953727,7.861718780886799,,0
stand,terrain,,0.0,0.5060264196370502,,False,False,0.5651621983914576,7.140870800459273,0.138882218348657,,7038,1.1400000000000001,-0.000270013175330762,7.966333648255522,,0
stand,terrain,,0.0,0.7563326043549009,,False,False,0.745615168538745,6.94233117704018,0.014848507172321557,,7039,0.3,6.668319052477597e-05,7.9184519501569985,,0
stand,terrain,,0.0,0.4459476322022479,,False,False,0.4747356340026592,6.825854563508875,0.6738783463983776,,7040,,0.00023343762483454844,7.761397270222898,,0
stand,terrain,,0.0,0.4991604647793168,,False,False,0.5176152650112411,7.0726919377377735,0.47473774412293157,,7041,1.0,0.0001316053799153342,7.820289550299383,,0
stand,terrain,,0.0,0.6997154884228716,,False,False,0.6906346030950665,7.125753564018483,0.861179452491183,,7042,0.66,0.00010477518366384834,7.964923398038804,,0
stand,terrain,,0.0,0.6010072979987456,,False,False,0.6131649474200931,6.8267090948596545,0.02069915170380321,,7043,0.72,0.00024382289256399167,7.767703709590421,,0
stand,terrain,,0.0,0.40141850468256995,,False,False,0.4329228376645211,7.331322967189878,0.6219056759353856,,7044,4.58,-0.00016699553716335118,7.841768172864518,,0
stand,terrain,,0.0,0.4995279202941387,,False,False,0.5183383042657779,7.116846893559949,0.4687687296573103,,7045,,7.415576634711578e-05,7.829124685750414,,0
stand,terrain,,0.0,0.6188693752834078,,False,False,0.6228261358324246,7.352385775469274,0.5464196694051006,,7046,1.0,0.00015899582640533502,7.852100579080543,,0
stand,terrain,,0.0,0.46837673538203867,,False,False,0.49377888066525133,6.792229665807842,0.9690566398163747,,7047,4.34,-9.371345035369999e-05,7.791790971548619,,0
stand,terrain,,0.0,0.7792069421184697,,False,False,0.7692093433500355,7.067749006058607,0.07188376537988217,,7048,0.72,-0.00019427618945147874,7.833556290057405,,0
stand,terrain,,0.0,0.7703858756532681,,False,False,0.7709143178942255,7.382484156722032,0.7129164879704305,,7049,0.52,-6.619425217452861e-05,7.855163366895808,,0
terrain,stand,,0.7684272339579266,0.0,,False,False,0.0004950457178943785,9.265647423672862,0.9519715300702707,,7000,0.44,0.7817303588617796,1.5316703926036512,,0
terrain,stand,,0.6481838972294871,0.0,,False,False,-0.00012902664131702395,9.722293840170423,0.2533113134846845,,7001,0.26,0.6445688521130193,2.8239166475722044,,0
terrain,stand,,0.4565085886782767,0.0,,False,False,3.214881525867242e-05,7.589942494956418,0.07140106394045805,,7002,0.24,0.5201338016166521,1.9429014161239648,,0
terrain,stand,,0.6535532363890919,0.0,,False,False,0.0002473547278254316,14.375835333878317,0.36171756464902904,,7003,0.28,0.6517457974439227,2.1902137358558447,,0
terrain,stand,,0.7721317386476783,0.0,,False,False,0.0003118636882810006,8.686413365289638,0.989924346949264,,7004,0.4,0.8339700129880664,0.45662405800496336,,0
terrain,stand,,0.5923917736504406,0.0,,False,False,-8.570171563820614e-05,9.23800132809441,0.5102777980311557,,7005,0.46,0.5924796408359267,1.6571663038920117,,0
terrain,stand,,0.43252853781626965,0.0,,False,False,0.00045973384255378275,10.404553313263293,0.20947721252257928,,7006,0.52,0.43887362872372504,3.1836898169626933,,0
terrain,stand,,0.6418290459786908,0.0,,False,False,0.00036299129197280233,11.323803463594178,0.6420732723013569,,7007,0.52,0.6433926517188033,1.2233153212494885,,0
terrain,stand,,0.599026181674057,0.0,,False,False,0.00031067847585074184,12.761001051183221,0.4274835708366301,,7008,0.48,0.5836073608552015,1.7630408491651521,,0
terrain,stand,,0.5543295417344711,0.0,,False,False,0.000534475632419144,8.553651288702167,0.547902340946012,,7009,0.42,0.5988165828208654,2.3845748366897332,,0
terrain,stand,,0.6938944028241066,0.0,,False,False,0.00018283577125811318,12.978284549867784,0.688355070689747,,7010,0.62,0.5760952336681758,4.232686409257103,,0
terrain,stand,,0.6210800539580238,0.0,,False,False,0.00021025248772424995,7.966207913733736,0.12530890794856778,,7011,0.36,0.650597005957225,1.5954699277301345,,0
terrain,stand,,0.6064929841167874,0.0,,False,False,8.455451701610387e-05,8.233861956489891,0.7933143698878691,,7012,0.36,0.591402060613219,3.4619873847429083,,0
terrain,stand,,0.4259136021870335,0.0,,False,False,0.00041588180477088307,21.172604490219232,0.37931525649015085,,7013,0.86,0.4975287781234023,3.045135607432356,,0
terrain,stand,,0.5642274719238729,0.0,,False,False,0.0001857550026301424,9.354064196535594,0.10236768968293211,,7014,0.46,0.6153090021780613,3.6703157420219905,,0
terrain,stand,,0.5453869168777243,0.0,,False,False,0.0003891198876740902,7.935671604535786,0.9810455653540757,,7015,0.34,0.6342017919396394,2.4195448083819318,,0
terrain,stand,,0.7170442061730805,0.0,,False,False,0.00043912875634272104,10.437220901378666,0.0728237991582132,,7016,0.46,0.7940930337559794,1.980090003644512,,0
terrain,stand,,0.5454885849605061,0.0,,False,False,-0.00029296535571754164,8.735645383273068,0.7637511576799545,,7017,0.26,0.5193582887071287,2.5039694735251903,,0
terrain,stand,,0.6115142117178373,0.0,,False,False,0.0005316075275080659,8.530591708064517,0.778834674252384,,7018,0.48,0.5801531550150955,1.6732829448687854,,0
terrain,stand,,0.5216424410897178,0.0,,False,False,0.0006171317899299219,24.563630361021044,0.672769247314962,,7019,0.92,0.5445292597623694,1.1972111570802124,,0
terrain,stand,,0.6959016988667577,0.0,,False,False,0.0002545647480192685,11.520969609881694,0.28333701819968704,,7020,0.52,0.6964061963589717,4.472217231060128,,0
terrain,stand,,0.7563011727995789,0.0,,False,False,0.0007251303759494418,29.16788041710013,0.6244339602769389,,7021,1.12,0.7426090514119948,1.4948822264504886,,0
terrain,stand,,0.6155262312751961,0.0,,False,False,6.685216509745817e-05,8.810223543305707,0.7930533385977381,,7022,0.36,0.5978313501417021,3.451711034224231,,0
terrain,stand,,0.7364806333399723,0.0,,False,False,0.0005202879928848459,11.502182194078046,0.1253658243318875,,7023,0.54,0.7402190777271523,2.1444265424363365,,0
terrain,stand,,0.6770556435420476,0.0,,False,False,1.0467233132404367e-05,8.817096739520956,0.7337505884515025,,7024,0.26,0.6372228409658804,3.408768542830807,,0
terrain,stand,,0.5248705132486707,0.0,,False,False,0.00016895522231123356,7.7953754796221775,0.447244027494973,,7025,0.48,0.521487240072039,1.832744126773106,,0
terrain,stand,,0.6806755287827213,0.0,,False,False,0.0002915288229737395,9.400890447881457,0.22095161123414725,,7026,0.48,0.6543980969492719,2.499922103608949,,0
terrain,stand,,0.745767392699477,0.0,,False,False,0.000425256833502612,9.186952156177094,0.06065519482685962,,7027,0.46,0.8295249893920635,1.9445552313007781,,0
terrain,stand,,0.46512520450491496,0.0,,False,False,0.0005943639548803783,14.047270299129632,0.8796795466692717,,7028,0.54,0.3930908147660331,3.12228374523427,,0
terrain,stand,,0.4774080532212188,0.0,,False,False,0.000555522123969934,15.35209237507927,0.6865957261133802,,7029,0.52,0.4997173585542479,1.2606831806055236,,0
terrain,stand,,0.6819566524435579,0.0,,False,False,0.000566467861658626,10.097761653626717,0.34552687893600414,,7030,0.54,0.6506980916037125,5.137754394484213,,0
terrain,stand,,0.7971060946512496,0.0,,False,False,6.243074328997999e-05,9.742786562763282,0.7633470516880982,,7031,0.36,0.7179945155250619,1.7926767132715857,,0
terrain,stand,,0.4606019598434654,0.0,,False,False,-2.8161635537259433e-05,8.31869765253041,0.8093247211280619,,7032,0.2,0.4738986519240285,1.7597170769677082,,0
terrain,stand,,0.6991399264918994,0.0,,False,False,0.0004612992182352541,10.51194809552805,0.2588984896403155,,7033,0.6,0.7121154859563366,4.744400031136428,,0
terrain,stand,,0.6577106128731708,0.0,,False,False,-4.0280814586778165e-05,10.233645498267693,0.23998086173597694,,7034,0.36,0.7397375352285653,2.451954210202781,,0
terrain,stand,,0.6814525404209939,0.0,,False,False,0.000289043368413808,9.399021269236346,0.18794347530901778,,7035,0.3,0.7294484518098694,1.9568596117790198,,0
terrain,stand,,0.5640885423083742,0.0,,False,False,0.00036383203454494424,10.164572616986367,0.5529176898517312,,7036,0.52,0.6100054729821983,2.317912313440428,,0
terrain,stand,,0.5878643056612084,0.0,,False,False,0.0004131193890975761,13.038559480014198,0.6677703073558103,,7037,0.44,0.6036471913084942,1.1916277623546179,,0
terrain,stand,,0.6694317647023931,0.0,,False,False,7.710006141508496e-05,7.961746122758402,0.9388822183486616,,7038,0.2,0.7146121180559651,2.7218187299386543,,0
terrain,stand,,0.45579173027317504,0.0,,False,False,-4.282611179750761e-06,7.887514373642656,0.9648485071723263,,7039,0.28,0.5213279872744788,1.905974339183265,,0
terrain,stand,,0.7378811979389606,0.0,,False,False,0.00029957580478332717,14.93400939771897,0.8738783463983821,,7040,0.4,0.6125025497603429,3.818727189323915,,0
terrain,stand,,0.5193082301649921,0.0,,False,False,0.0003862880234230592,9.666248866439673,0.1247377441229364,,7041,0.42,0.5213321506944714,2.2143081169135304,,0
terrain,stand,,0.5462741553663313,0.0,,False,False,0.0002979029220963427,10.527299359072352,0.5611794524911875,,7042,0.42,0.5948799869177714,1.633417225784013,,0
terrain,stand,,0.7479081102878989,0.0,,False,False,0.0003141209704862169,17.443402460191763,0.4706991517038075,,7043,0.54,0.7371536229734074,1.5171121324174408,,0
terrain,stand,,0.7265601361092787,0.0,,False,False,0.00057008514633063,8.175157756599063,0.9719056759353903,,7044,0.44,0.6769457468466455,2.482274257763043,,0
terrain,stand,,0.758348379082652,0.0,,False,False,6.085093966480428e-05,8.904110305894287,0.9687687296573151,,7045,0.26,0.7694604065104288,1.4001003529422906,,0
terrain,stand,,0.5822770736545044,0.0,,False,False,0.00043632028418889054,8.07984965562267,0.7964196694051051,,7046,0.34,0.564411857395785,1.8242240851639266,,0
terrain,stand,,0.7727567656602972,0.0,,False,False,0.0003293392331178487,25.63828406887274,0.6690566398163793,,7047,1.02,0.6193328667100051,4.540180332539428,,0
terrain,stand,,0.5508682246663829,0.0,,False,False,0.0006049598034193497,8.687982351834394,0.5218837653798865,,7048,0.54,0.5689778604444645,1.997024295087681,,0
terrain,stand,,0.4267366067487415,0.0,,False,False,0.0005037806920484863,10.250849500041344,0.6629164879704352,,7049,0.38,0.45888342103001684,3.2684988290893298,,0
run,terrain,,2.327496197951321,0.6101582044887743,,False,False,0.6223601136786583,11.478648638731455,0.18244795736845307,,7000,1.1400000000000001,2.3277260951879892,2.9277066219259518,,0
run,terrain,,2.2388400134258255,0.46848037823865574,,False,False,0.49204862848669273,21.27173804988538,0.8350121956507309,,7001,1.92,2.2747977910176274,2.618811744459025,,0
run,terrain,,2.2205483091887386,0.6176762002967765,,False,False,0.6244599715426326,12.02472298498294,0.8096773441970498,,7002,0.38,2.2520988013215066,2.184424300265593,,0
run,terrain,,1.6563509199193982,0.5070833674993289,,False,False,0.5268189625508781,10.178124772285097,0.5492364337347864,,7003,4.1,1.6846699940215317,2.9515443746916943,,0
run,terrain,,1.8382239844582013,0.5311001022760642,,False,False,0.5562982515922476,8.937877479299052,0.17014857090094168,,7004,0.5,1.8305041992675266,2.7896295221264644,,0
run,terrain,,2.389233001164239,0.48070831950571324,,False,False,0.5101942583963447,11.180786266260574,0.20687638531928698,,7005,,2.3548327614560427,3.36697434110982,,0
run,terrain,,2.2056621080322216,0.4296147793326133,,False,False,0.45726205048841523,19.70391330152093,0.7569220088042788,,7006,,2.2464985849949053,3.7283022578992284,,0
run,terrain,,2.317598525871633,0.6189750674298349,,False,False,0.6228364068251512,16.70237771496222,0.8638880737403495,,7007,1.26,2.334788150653972,3.818216379839558,,0
run,terrain,,2.4541501285798035,0.6700307751579757,,False,False,0.6713793353595705,13.963643940939354,0.7049613911757722,,7008,0.48,2.498219049883328,4.189703801893521,,0
run,terrain,,1.9233801405575517,0.6867754041783382,,False,False,0.6826048478848377,10.566460918563212,0.2913268152139809,,7009,0.62,1.8510994415456805,4.24666583402366,,0
run,terrain,,1.8023393360816853,0.444278496285158,,False,False,0.4594607701712692,16.454411236821485,0.807280034890891,,7010,,1.7313750960239653,0.5898996510947394,,0
run,terrain,,2.0134249468049834,0.7789671391068526,,False,False,0.7673363152477368,9.99817800927447,0.4896175738838575,,7011,0.64,2.0402961792658005,4.059175588883986,,0
run,terrain,,2.248234122533968,0.6762169405384807,,False,False,0.6708509544208521,22.318060363607653,0.6322246594011799,,7012,4.46,2.2335397188309085,5.3273911827201035,,0
run,terrain,,2.2375093013831977,0.7216882482651722,,False,False,0.7410698516793336,11.87163363543497,0.8043710647893269,,7013,0.4,2.2512100599286433,1.822878735845776,,0
run,terrain,,2.221200427929742,0.7916758801960797,,False,False,0.7158900972624384,21.693496249239466,0.527266291495762,,7014,,2.258763678832066,4.066763889718769,,0
run,terrain,,2.2817323883530483,0.4199903092863661,,False,False,0.4703624020235055,15.674976367119116,0.6970745432394222,,7015,,2.34301967129674,3.5635068065498916,,0
run,terrain,,1.8340080987255063,0.6049368427137574,,False,False,0.622057674648301,11.637203526971655,0.16027320138379358,,7016,1.44,1.8056042441064273,3.340224600095012,,0
run,terrain,,1.781396306887105,0.5278121901796744,,False,False,0.5433073746167308,12.181073517665771,0.46775692514032957,,7017,0.6,1.747798148104014,5.476937313208024,,0
run,terrain,,2.1027593618292335,0.7518447504313028,,False,False,0.7350674459144441,17.500982340294005,0.8144394027228897,,7018,1.2,2.102703934613892,2.9363761797656536,,0
run,terrain,,2.0818674131412687,0.6037197352551606,,False,False,0.6064365846690203,21.336721800538477,0.33707251226517637,,7019,1.1,2.0945806634381507,3.8379161346495327,,0
run,terrain,,1.7634479538053645,0.5630189100581147,,False,False,0.5853993790692386,12.664742996505595,0.10832808624958566,,7020,4.68,1.733574586816608,2.767818665640481,,0
run,terrain,,1.5469994317967317,0.5127148906686774,,False,False,0.5377511151970805,14.342392081937206,0.015830437416673337,,7021,,1.5116740713869619,3.6913798049903086,,0
run,terrain,,1.5220710023969228,0.6168440274235385,,False,False,0.6548930688865896,11.030874421733722,0.9568036131230929,,7022,0.32,1.4872441752753156,4.004487188633959,,0
run,terrain,,2.4017653315523586,0.5027251118341246,,False,False,0.5251781841935691,19.061043704581333,0.6761343468012724,,7023,0.6,2.384044276900099,5.130601413880305,,0
run,terrain,,1.6586273118846102,0.48979999075808145,,False,False,0.5416186649880099,7.156480608876469,0.6855144597591608,,7024,0.92,1.697362707124511,1.778648888934321,,0
run,terrain,,2.4232146033475224,0.6510893193211202,,False,False,0.6519784899375621,24.23088903244733,0.3565674444504628,,7025,1.4000000000000001,2.3276091794845635,5.986648648482653,,0
run,terrain,,2.316948325453831,0.6741462754818073,,False,False,0.673842889733701,19.390597921288,0.2806753630115825,,7026,1.4000000000000001,2.2904341611767105,4.239982285731683,,0
run,terrain,,1.8482433114124928,0.7007360716813588,,False,False,0.7020262268070268,15.42797835580103,0.21797452821480945,,7027,1.04,1.7894054712775922,4.03437875075708,,0
run,terrain,,1.6772669390657413,0.6234537725708722,,False,False,0.6310647180972268,14.569153273697497,0.02455321375160824,,7028,3.92,1.6387276806123623,2.796062495080555,,0
run,terrain,,2.0524619431312843,0.5982027455738068,,False,False,0.6132247164722101,10.540736427806982,0.2118597735273413,,7029,0.66,2.0292180598530223,3.0898672712709865,,0
run,terrain,,1.6102271698001673,0.48974022503419656,,False,False,0.5492027667880227,6.662468631104309,0.12893533169703586,,7030,0.34,1.5615028017905812,4.859573648037759,,0
run,terrain,,1.835803477525246,0.5002144598039702,,False,False,0.530311641121533,8.869535674043476,0.09577323829916386,,7031,,1.79014089628832,3.078010256280697,,0
run,terrain,,2.300665806804429,0.756041302096732,,False,False,0.7330418559743349,14.746725612239569,0.8474394071794222,,7032,0.64,2.351017701395023,2.8741609946350466,,0
run,terrain,,1.548112428049047,0.6706878120477553,,False,False,0.6137555234706117,7.787982179658542,0.6900822892273493,,7033,0.84,1.6485243790414479,1.2585083754256936,,0
run,terrain,,1.8232275638518258,0.6297755321230485,,False,False,0.6346089013691909,10.606189136024465,0.32752720634025956,,7034,1.06,1.7579119353918549,4.042257107681316,,0
run,terrain,,2.125850949965842,0.6160581609139839,,False,False,0.6679873949087954,7.592521731752905,0.16821936509723345,,7035,1.1400000000000001,2.068558401406651,4.130502017883852,,0
run,terrain,,1.9479230838330552,0.7272546439675682,,False,False,0.7660907297681692,12.079183916332642,0.24045619285005634,,7036,0.56,1.9395246968145061,1.7054917521499267,,0
run,terrain,,1.832354581890627,0.4049458013727843,,False,False,0.43906189700328446,19.367726229148218,0.9116041732667614,,7037,,1.7260108586173206,0.7567101331075267,,0
run,terrain,,1.5675272297635057,0.5060264196370502,,False,False,0.5605880070983613,8.177700700785104,0.5256543104540148,,7038,,1.6448965118565861,2.326752724968653,,0
run,terrain,,1.64218301992537,0.7563326043549009,,False,False,0.7513067754050902,6.293749182648109,0.061976174296183295,,7039,0.18,1.580494361147894,3.9105760071263345,,0
run,terrain,,2.4004262983673126,0.4459476322022479,,False,False,0.469459805050947,25.421749649580104,0.3884702404716325,,7040,4.1,2.3954629181651605,4.783600795254296,,0
run,terrain,,2.4047027312032503,0.4991604647793168,,False,False,0.5455706350731192,18.034472703446298,0.9181768414552824,,7041,,2.3277533825679058,2.300372748788322,,0
run,terrain,,2.458685846843325,0.6997154884228716,,False,False,0.6948801721948555,21.117246407547093,0.7217265706672605,,7042,1.6400000000000001,2.521397078116942,3.3080191651139086,,0
run,terrain,,2.1673332147220723,0.6010072979987456,,False,False,0.6080439669808143,11.691894503126381,0.6848184186862156,,7043,0.48,2.1742790435322767,4.313273558403879,,0
run,terrain,,1.7311451088601606,0.40141850468256995,,False,False,0.4265314705563344,13.660013000396063,0.46113664433677526,,7044,,1.6814192558516436,5.41441103655307,,0
run,terrain,,2.229941890220316,0.4995279202941387,,False,False,0.5198195134738607,23.516804354868707,0.5944084490232746,,7045,1.6,2.285919917704927,3.621491311564461,,0
run,terrain,,2.0296536257692375,0.6188693752834078,,False,False,0.6317754642368592,9.936924063139298,0.07730678659744776,,7046,0.56,2.009705751590576,3.6299007627719218,,0
run,terrain,,1.7104637337087967,0.46837673538203867,,False,False,0.49045900212067445,11.526455962587985,0.1307688875076172,,7047,5.0,1.697846372478914,5.093019460342445,,0
run,terrain,,2.3897762248070475,0.7792069421184697,,False,False,0.7747943802425042,8.703130862808827,0.11070083468743201,,7048,0.96,2.375625277547923,2.9886268595227268,,0
run,terrain,,1.770097768729273,0.7703858756532681,,False,False,0.758870517313614,8.166075545935357,0.5761402524631957,,7049,0.52,1.833915838115769,2.434526603149827,,0
terrain,run,,0.7684272339579266,2.196780339075223,,False,False,2.1800214302495973,11.641276508758521,0.9519715300702707,,7000,0.52,0.7817303588617796,1.5316703926036512,,0
terrain,run,,0.6481838972294871,1.8617624787970017,,False,False,1.8077172449893613,8.022469498119518,0.2533113134846845,,7001,0.34,0.6445688521130193,2.8239166475722044,,0
terrain,run,,0.4565085886782767,1.9190703383179772,,False,False,1.8969285700467933,9.781224104811638,0.07140106394045805,,7002,0.4,0.5201338016166521,1.9429014161239648,,0
terrain,run,,0.6535532363890919,2.1811762499564846,,False,False,2.1713465916022794,14.06764486881596,0.36171756464902904,,7003,0.56,0.6517457974439227,2.1902137358558447,,0
terrain,run,,0.7721317386476783,2.4444385219113878,,False,False,2.44117917954137,9.285962922404265,0.989924346949264,,7004,0.6,0.8339700129880664,0.45662405800496336,,0
terrain,run,,0.5923917736504406,2.3078771511060783,,False,False,2.309950734370359,7.0866109944570805,0.5102777980311557,,7005,0.6,0.5924796408359267,1.6571663038920117,,0
terrain,run,,0.43252853781626965,1.5106773060981313,,False,False,1.4696872338532796,9.77251801611376,0.20947721252257928,,7006,0.34,0.43887362872372504,3.1836898169626933,,0
terrain,run,,0.6418290459786908,2.205144691728734,,False,False,2.207540931682969,8.447390192381578,0.6420732723013569,,7007,0.48,0.6433926517188033,1.2233153212494885,,0
terrain,run,,0.599026181674057,1.8887426293968372,,False,False,1.8747998642093588,7.842584096666473,0.4274835708366301,,7008,0.42,0.5836073608552015,1.7630408491651521,,0
terrain,run,,0.5543295417344711,1.5355568590698798,,False,False,1.5166025852699199,8.827901791051632,0.547902340946012,,7009,0.28,0.5988165828208654,2.3845748366897332,,0
terrain,run,,0.6938944028241066,2.277181343819401,,False,False,2.2910850716290834,6.618802141969001,0.688355070689747,,7010,0.46,0.5760952336681758,4.232686409257103,,0
terrain,run,,0.6210800539580238,2.178969385576252,,False,False,2.15938737175252,8.723201015572876,0.12530890794856778,,7011,0.46,0.650597005957225,1.5954699277301345,,0
terrain,run,,0.6064929841167874,2.465139755347704,,False,False,2.45926458786191,5.890166139722391,0.7933143698878691,,7012,0.52,0.591402060613219,3.4619873847429083,,0
terrain,run,,0.4259136021870335,2.3500008024951886,,False,False,2.3904162057893945,9.75270034521604,0.37931525649015085,,7013,0.54,0.4975287781234023,3.045135607432356,,0
terrain,run,,0.5642274719238729,2.147040238168034,,False,False,2.1286022450171544,12.232228440645976,0.10236768968293211,,7014,0.5,0.6153090021780613,3.6703157420219905,,0
terrain,run,,0.5453869168777243,2.276170475728862,,False,False,2.228612603028818,8.178599926565141,0.9810455653540757,,7015,0.5,0.6342017919396394,2.4195448083819318,,0
terrain,run,,0.7170442061730805,1.6162289912013197,,False,False,1.5977704769620928,9.812025118440532,0.0728237991582132,,7016,0.24,0.7940930337559794,1.980090003644512,,0
terrain,run,,0.5454885849605061,2.320685646409085,,False,False,2.3680310267829663,5.928752996713597,0.7637511576799545,,7017,0.44,0.5193582887071287,2.5039694735251903,,0
terrain,run,,0.6115142117178373,2.072711799181309,,False,False,2.0569786778987944,5.333103325072753,0.778834674252384,,7018,0.32,0.5801531550150955,1.6732829448687854,,0
terrain,run,,0.5216424410897178,1.8393637768848712,,False,False,1.8657334507939414,10.470754124673265,0.672769247314962,,7019,0.34,0.5445292597623694,1.1972111570802124,,0
terrain,run,,0.6959016988667577,1.6998432163870132,,False,False,1.6583390572679235,8.504710010365068,0.28333701819968704,,7020,0.32,0.6964061963589717,4.472217231060128,,0
terrain,run,,0.7563011727995789,1.5436669173962851,,False,False,1.5346165786075494,7.967289179389969,0.6244339602769389,,7021,0.22,0.7426090514119948,1.4948822264504886,,0
terrain,run,,0.6155262312751961,2.0540071933768584,,False,False,2.0673951483143873,5.158874170978011,0.7930533385977381,,7022,0.3,0.5978313501417021,3.451711034224231,,0
terrain,run,,0.7364806333399723,2.061285145815389,,False,False,2.0411192527176794,12.008816602558511,0.1253658243318875,,7023,0.46,0.7402190777271523,2.1444265424363365,,0
terrain,run,,0.6770556435420476,1.8110159847044822,,False,False,1.7510617384237284,6.440951589423703,0.7337505884515025,,7024,0.3,0.6372228409658804,3.408768542830807,,0
terrain,run,,0.5248705132486707,2.3617865093891197,,False,False,2.3774795901825074,4.952856939121248,0.447244027494973,,7025,0.6,0.521487240072039,1.832744126773106,,0
terrain,run,,0.6806755287827213,1.6758614514373091,,False,False,1.6228497422718857,8.722117458722822,0.22095161123414725,,7026,0.32,0.6543980969492719,2.499922103608949,,0
terrain,run,,0.745767392699477,1.9496514806581173,,False,False,1.9379820974868103,11.6526527413681,0.06065519482685962,,7027,0.34,0.8295249893920635,1.9445552313007781,,0
terrain,run,,0.46512520450491496,2.0560793253013023,,False,False,2.0367211724819736,11.913584178333695,0.8796795466692717,,7028,0.42,0.3930908147660331,3.12228374523427,,0
terrain,run,,0.4774080532212188,1.6020631003144832,,False,False,1.5528941906570393,10.48435338433664,0.6865957261133802,,7029,0.24,0.4997173585542479,1.2606831806055236,,0
terrain,run,,0.6819566524435579,1.9288319736010135,,False,False,1.9122610402103093,12.274091605434862,0.34552687893600414,,7030,0.44,0.6506980916037125,5.137754394484213,,0
terrain,run,,0.7971060946512496,2.237480781184794,,False,False,2.242078572626997,4.920858676143887,0.7633470516880982,,7031,0.3,0.7179945155250619,1.7926767132715857,,0
terrain,run,,0.4606019598434654,2.462800824557611,,False,False,2.451928286931237,5.377269956947147,0.8093247211280619,,7032,0.52,0.4738986519240285,1.7597170769677082,,0
terrain,run,,0.6991399264918994,2.208812684125716,,False,False,2.1836200080796844,7.409636740362646,0.2588984896403155,,7033,0.42,0.7121154859563366,4.744400031136428,,0
terrain,run,,0.6577106128731708,2.1141669366323774,,False,False,2.1195644007939314,5.599073692728952,0.23998086173597694,,7034,0.32,0.7397375352285653,2.451954210202781,,0
terrain,run,,0.6814525404209939,1.9548519269058455,,False,False,1.9496853553312254,6.511291932460883,0.18794347530901778,,7035,0.32,0.7294484518098694,1.9568596117790198,,0
terrain,run,,0.5640885423083742,1.9406504791992338,,False,False,1.9263993673322704,7.5973552143593786,0.5529176898517312,,7036,0.38,0.6100054729821983,2.317912313440428,,0
terrain,run,,0.5878643056612084,1.8872693276509052,,False,False,1.8917657334890041,10.259055700473402,0.6677703073558103,,7037,0.34,0.6036471913084942,1.1916277623546179,,0
terrain,run,,0.6694317647023931,2.043332562900862,,False,False,2.039170087341149,11.755262533316644,0.9388822183486616,,7038,0.4,0.7146121180559651,2.7218187299386543,,0
terrain,run,,0.45579173027317504,1.5654692802138745,,False,False,1.5057853411858222,11.566444892768411,0.9648485071723263,,7039,0.3,0.5213279872744788,1.905974339183265,,0
terrain,run,,0.7378811979389606,2.409549483795192,,False,False,2.42201124026142,7.155624710427513,0.8738783463983821,,7040,0.4,0.6125025497603429,3.818727189323915,,0
terrain,run,,0.5193082301649921,2.0540981629040562,,False,False,2.0324457574545045,12.276228843727798,0.1247377441229364,,7041,0.48,0.5213321506944714,2.2143081169135304,,0
terrain,run,,0.5462741553663313,2.381967139797318,,False,False,2.395354608217352,5.548943588678303,0.5611794524911875,,7042,0.6,0.5948799869177714,1.633417225784013,,0
terrain,run,,0.7479081102878989,1.8611877867465245,,False,False,1.845233255860788,9.244364364709945,0.4706991517038075,,7043,0.4,0.7371536229734074,1.5171121324174408,,0
terrain,run,,0.7265601361092787,2.2167587112434104,,False,False,2.2060624079087705,11.057969849503923,0.9719056759353903,,7044,0.5,0.6769457468466455,2.482274257763043,,0
terrain,run,,0.758348379082652,1.8742324316811814,,False,False,1.8692084232936608,10.330578849391227,0.9687687296573151,,7045,0.26,0.7694604065104288,1.4001003529422906,,0
terrain,run,,0.5822770736545044,2.453088207888636,,False,False,2.453299106951664,5.905353271795352,0.7964196694051051,,7046,0.5,0.564411857395785,1.8242240851639266,,0
terrain,run,,0.7727567656602972,2.0391540591843142,,False,False,2.0486899044531457,9.62227504688197,0.6690566398163793,,7047,0.36,0.6193328667100051,4.540180332539428,,0
terrain,run,,0.5508682246663829,1.8755886606624153,,False,False,1.8703665451532618,5.446010288684693,0.5218837653798865,,7048,0.38,0.5689778604444645,1.997024295087681,,0
terrain,run,,0.4267366067487415,1.8810466834230524,,False,False,1.875839724553805,6.838540818535481,0.6629164879704352,,7049,0.36,0.45888342103001684,3.2684988290893298,,0
run,stepover,,2.327496197951321,1.4413868920947555,,False,False,1.3997900232691274,9.014632556489076,0.18244795736845307,,7000,0.2,2.3277260951879892,2.9277066219259518,,0
run,stepover,,2.2388400134258255,1.3545744366659935,,False,False,1.2891721655462967,5.741638688448738,0.8350121956507309,,7001,0.26,2.2747977910176274,2.618811744459025,,0
run,stepover,,2.2205483091887386,1.5477221687153457,,False,False,1.5553966184637804,8.39279166228975,0.8096773441970498,,7002,0.26,2.2520988013215066,2.184424300265593,,0
run,stepover,,1.6563509199193982,1.646186657872464,,False,False,1.6365984036329508,6.230621016990365,0.5492364337347864,,7003,0.0,1.6846699940215317,2.9515443746916943,,0
run,stepover,,1.8382239844582013,1.5640860187665488,,False,False,1.527321215910744,8.568230530553386,0.17014857090094168,,7004,0.08,1.8305041992675266,2.7896295221264644,,0
run,stepover,,2.389233001164239,1.6290532955909316,,False,False,1.5921069233705893,8.753167160167264,0.20687638531928698,,7005,0.24,2.3548327614560427,3.36697434110982,,0
run,stepover,,2.2056621080322216,1.4525443427169509,,False,False,1.3472076540080657,7.189802173329873,0.7569220088042788,,7006,0.16,2.2464985849949053,3.7283022578992284,,0
run,stepover,,2.317598525871633,1.4550750854087895,,False,False,1.410907338913765,9.090466952438664,0.8638880737403495,,7007,0.26,2.334788150653972,3.818216379839558,,0
run,stepover,,2.4541501285798035,1.6293434846666848,,False,False,1.6126282788067983,8.36455287940587,0.7049613911757722,,7008,0.22,2.498219049883328,4.189703801893521,,0
run,stepover,,1.9233801405575517,1.6544287714583725,,False,False,1.645121261301085,8.464063950288626,0.2913268152139809,,7009,0.0,1.8510994415456805,4.24666583402366,,0
run,stepover,,1.8023393360816853,1.3684025578293784,,False,False,1.2041708259436903,6.589823342630487,0.807280034890891,,7010,0.12,1.7313750960239653,0.5898996510947394,,0
run,stepover,,2.0134249468049834,1.3493491607806114,,False,False,1.3078822339231693,9.612547414627524,0.4896175738838575,,7011,0.24,2.0402961792658005,4.059175588883986,,0
run,stepover,,2.248234122533968,1.6710225338943228,,False,False,1.6558480051683544,6.677070002744384,0.6322246594011799,,7012,0.2,2.2335397188309085,5.3273911827201035,,0
run,stepover,,2.2375093013831977,1.3027212007994202,,False,False,1.2831881368735867,8.74074364546227,0.8043710647893269,,7013,0.26,2.2512100599286433,1.822878735845776,,0
run,stepover,,2.221200427929742,1.4073453257042614,,False,False,1.3094064262485714,7.234352054827904,0.527266291495762,,7014,0.24,2.258763678832066,4.066763889718769,,0
run,stepover,,2.2817323883530483,1.4911315426180831,,False,False,1.5007295064375148,7.706182622795378,0.6970745432394222,,7015,0.24,2.34301967129674,3.5635068065498916,,0
run,stepover,,1.8340080987255063,1.6186614573123963,,False,False,1.5929499342817763,6.629708224691494,0.16027320138379358,,7016,0.0,1.8056042441064273,3.340224600095012,,0
run,stepover,,1.781396306887105,1.5691436697455141,,False,False,1.5135046966098273,6.425727374108478,0.46775692514032957,,7017,0.0,1.747798148104014,5.476937313208024,,0
run,stepover,,2.1027593618292335,1.654947474589337,,False,False,1.6312970740024837,6.689010634963651,0.8144394027228897,,7018,0.12,2.102703934613892,2.9363761797656536,,0
run,stepover,,2.0818674131412687,1.4669965220568326,,False,False,1.4486250594638193,8.357414002459322,0.33707251226517637,,7019,0.26,2.0945806634381507,3.8379161346495327,,0
run,stepover,,1.7634479538053645,1.352080345946258,,False,False,1.235567964223819,6.657874063937631,0.10832808624958566,,7020,0.54,1.733574586816608,2.767818665640481,,0
run,stepover,,1.5469994317967317,1.5463440498411367,,False,False,1.5423668639403547,6.22334097241463,0.015830437416673337,,7021,0.0,1.5116740713869619,3.6913798049903086,,0
run,stepover,,1.5220710023969228,1.3950278716108508,,False,False,1.3863334113627968,8.818025680006485,0.9568036131230929,,7022,0.0,1.4872441752753156,4.004487188633959,,0
run,stepover,,2.4017653315523586,1.3669787034667489,,False,False,1.3344074754266908,7.228000018815618,0.6761343468012724,,7023,0.22,2.384044276900099,5.130601413880305,,0
run,stepover,,1.6586273118846102,1.6977560327281718,,False,False,1.6831645616018494,8.562465955327053,0.6855144597591608,,7024,0.0,1.697362707124511,1.778648888934321,,0
run,stepover,,2.4232146033475224,1.574331424783538,,False,False,1.551998524273215,6.720648937164373,0.3565674444504628,,7025,0.28,2.3276091794845635,5.986648648482653,,0
run,stepover,,2.316948325453831,1.4559552542740932,,False,False,1.4436948015147582,6.490583090950561,0.2806753630115825,,7026,0.3,2.2904341611767105,4.239982285731683,,0
run,stepover,,1.8482433114124928,1.3393641624053367,,False,False,1.3138939082844052,5.956436306841481,0.21797452821480945,,7027,0.14,1.7894054712775922,4.03437875075708,,0
run,stepover,,1.6772669390657413,1.5602892010815055,,False,False,1.5345423640110425,6.412829219154616,0.02455321375160824,,7028,0.0,1.6387276806123623,2.796062495080555,,0
run,stepover,,2.0524619431312843,1.3004817431954547,,False,False,1.2939977694957339,8.604686101014593,0.2118597735273413,,7029,0.14,2.0292180598530223,3.0898672712709865,,0
run,stepover,,1.6102271698001673,1.3556001906617046,,False,False,1.2878590100646086,8.986844264193735,0.12893533169703586,,7030,0.0,1.5615028017905812,4.859573648037759,,0
run,stepover,,1.835803477525246,1.5407023309127497,,False,False,1.5461762515363933,8.640968096389587,0.09577323829916386,,7031,0.06,1.79014089628832,3.078010256280697,,0
run,stepover,,2.300665806804429,1.3029204484434886,,False,False,1.2670849517722147,9.111716324168917,0.8474394071794222,,7032,0.24,2.351017701395023,2.8741609946350466,,0
run,stepover,,1.548112428049047,1.4510941985756691,,False,False,1.458524562918059,9.398658876114768,0.6900822892273493,,7033,0.0,1.6485243790414479,1.2585083754256936,,0
run,stepover,,1.8232275638518258,1.541838170893575,,False,False,1.53755143978719,8.58600140398466,0.32752720634025956,,7034,0.04,1.7579119353918549,4.042257107681316,,0
run,stepover,,2.125850949965842,1.3376026414885909,,False,False,1.2871817268631944,9.029806897501498,0.16821936509723345,,7035,0.2,2.068558401406651,4.130502017883852,,0
run,stepover,,1.9479230838330552,1.6716541066635877,,False,False,1.7332953587638522,8.96732372280887,0.24045619285005634,,7036,0.0,1.9395246968145061,1.7054917521499267,,0
run,stepover,,1.832354581890627,1.5156112660399075,,False,False,1.485346322365004,6.238793426638232,0.9116041732667614,,7037,0.0,1.7260108586173206,0.7567101331075267,,0
run,stepover,,1.5675272297635057,1.385611189673394,,False,False,1.3461376174010826,9.22607232234605,0.5256543104540148,,7038,0.04,1.6448965118565861,2.326752724968653,,0
run,stepover,,1.64218301992537,1.446029512051138,,False,False,1.3932805220253193,7.692204109683489,0.061976174296183295,,7039,0.0,1.580494361147894,3.9105760071263345,,0
run,stepover,,2.4004262983673126,1.3866348745039385,,False,False,1.311110407786494,7.786076279419298,0.3884702404716325,,7040,0.28,2.3954629181651605,4.783600795254296,,0
run,stepover,,2.4047027312032503,1.4112520150300512,,False,False,1.3930834631054991,7.763161573037266,0.9181768414552824,,7041,0.24,2.3277533825679058,2.300372748788322,,0
run,stepover,,2.458685846843325,1.535969649119254,,False,False,1.5039134283871942,6.5851793017485605,0.7217265706672605,,7042,0.3,2.521397078116942,3.3080191651139086,,0
run,stepover,,2.1673332147220723,1.3671292757499827,,False,False,1.3276988064317998,8.768916716748514,0.6848184186862156,,7043,0.2,2.1742790435322767,4.313273558403879,,0
run,stepover,,1.7311451088601606,1.3558773945043023,,False,False,1.2492598793397383,6.60402969752783,0.46113664433677526,,7044,0.16,1.6814192558516436,5.41441103655307,,0
run,stepover,,2.229941890220316,1.6319805760824826,,False,False,1.6389564624784903,5.968877314502706,0.5944084490232746,,7045,0.2,2.285919917704927,3.621491311564461,,0
run,stepover,,2.0296536257692375,1.6027836229409826,,False,False,1.603122796798786,7.821989207103877,0.07730678659744776,,7046,0.12,2.009705751590576,3.6299007627719218,,0
run,stepover,,1.7104637337087967,1.6508055062745028,,False,False,1.5976628774184445,7.165346945832343,0.1307688875076172,,7047,0.0,1.697846372478914,5.093019460342445,,0
run,stepover,,2.3897762248070475,1.5948069161183143,,False,False,1.5948439244369712,8.551776490501323,0.11070083468743201,,7048,0.16,2.375625277547923,2.9886268595227268,,0
run,stepover,,1.770097768729273,1.3851754372903742,,False,False,1.352137611695302,9.034011478743327,0.5761402524631957,,7049,0.12,1.833915838115769,2.434526603149827,,0
stepover,run,,1.4029768264118427,2.196780339075223,,False,False,2.193344430324881,8.20597403811854,0.05197153007027433,,7000,0.22,1.4284610261069342,7.7644786355115505,,0
stepover,run,,1.530552860832307,1.8617624787970017,,False,False,1.8625345277839003,5.713784879012149,0.5002948217784046,,7001,0.1,1.485218085344599,5.791680701615299,,0
stepover,run,,1.586737763658664,1.9190703383179772,,False,False,1.8926305086086572,4.697400539488466,0.7913184855363827,,7002,0.02,1.5046706783110468,5.437632059829787,,0
stepover,run,,1.304093545706331,2.1811762499564846,,False,False,2.1575095979880703,5.2049266281849675,0.5517175646490327,,7003,0.26,1.1687609118140703,2.833465391090821,,0
stepover,run,,1.3821244211825152,2.4444385219113878,,False,False,2.446278651297378,6.8945081193322295,0.07992434694926759,,7004,0.22,1.4181314319908274,7.083761146523928,,0
stepover,run,,1.5561204145473218,2.3078771511060783,,False,False,2.356307086053607,6.326346796876756,0.991591593097381,,7005,0.2,1.6409272068835685,6.240039781838114,,0
stepover,run,,1.6340577565442556,1.5106773060981313,,False,False,1.4647207423586348,7.410699937162194,0.17867876848961425,,7006,0.0,1.653395484093044,7.35535039463901,,0
stepover,run,,1.64254347095752,2.205144691728734,,False,False,2.188906654118496,6.993709256313266,0.6515445310762772,,7007,0.08,1.6038144662204739,5.299394259548283,,0
stepover,run,,1.4450629371201713,1.8887426293968372,,False,False,1.8813374855178557,6.276851011682583,0.6174835708366337,,7008,0.08,1.3772092782375798,5.008985966890445,,0
stepover,run,,1.528215661881249,1.5355568590698798,,False,False,1.5110837198018516,4.693323035208485,0.8334037578473777,,7009,0.0,1.421949629597903,4.924961651210579,,0
stepover,run,,1.5334875127252756,2.277181343819401,,False,False,2.3066699391017362,7.93772583989406,0.09200540187699938,,7010,0.2,1.5764920811091259,6.403582259966976,,0
stepover,run,,1.4508406381767038,2.178969385576252,,False,False,2.1690350967801693,7.547340741438923,0.2653089079485713,,7011,0.18,1.4616178647877818,6.956107457348903,,0
stepover,run,,1.3647781162891985,2.465139755347704,,False,False,2.4495791266455558,5.983061436622574,0.9333143698878728,,7012,0.36,1.419549448923976,6.026492483021697,,0
stepover,run,,1.393691051119998,2.3500008024951886,,False,False,2.3904161853418606,9.584327416460365,0.3793152564901544,,7013,0.3,1.4433778913915962,6.319193317968038,,0
stepover,run,,1.4595504058385227,2.147040238168034,,False,False,2.1474873924589843,8.095997561968026,0.14236768968293567,,7014,0.2,1.5180070447548546,5.9365741266009815,,0
stepover,run,,1.3460578816201278,2.276170475728862,,False,False,2.2550910625692184,8.9068069454821,0.9910455653540793,,7015,0.24,1.2806860149296135,8.558276707680548,,0
stepover,run,,1.4169912554780142,1.6162289912013197,,False,False,1.5519978469031404,8.634927970817913,0.12282379915821673,,7016,0.0,1.4001234879522004,8.347116461840752,,0
stepover,run,,1.6993461244390922,2.320685646409085,,False,False,2.3123655287071,6.296422173409832,0.9738148268032951,,7017,0.12,1.8013941439393326,5.708632072329041,,0
stepover,run,,1.6926926975045125,2.072711799181309,,False,False,2.072420319882915,7.288295199344041,0.19821408433116783,,7018,0.04,1.743030205202393,6.61530854716523,,0
stepover,run,,1.5720130975031053,1.8393637768848712,,False,False,1.8405481947277966,7.837564359593768,0.19636992793409183,,7019,0.04,1.5382668501893075,7.986268065840229,,0
stepover,run,,1.5954502058594986,1.6998432163870132,,False,False,1.6687380168656032,7.535560307974178,0.04658231923172118,,7020,0.0,1.6635739489906025,6.429009134629798,,0
stepover,run,,1.4201336106770412,1.5436669173962851,,False,False,1.5187318039595936,4.707245406474565,0.7244339602769425,,7021,0.0,1.3533974514372877,4.898878493515379,,0
stepover,run,,1.3516587252172374,2.0540071933768584,,False,False,2.0358849359211484,6.61897656531789,0.8230533385977417,,7022,0.18,1.2443432081767503,4.517108333010816,,0
stepover,run,,1.60472294795949,2.061285145815389,,False,False,2.0591369970140754,6.094967130665852,0.8141758068847811,,7023,0.02,1.5544396005395191,4.804722616923662,,0
stepover,run,,1.5030096468366345,1.8110159847044822,,False,False,1.807123299743459,7.016175894284299,0.7518084694713066,,7024,0.02,1.3335545160014353,5.4779673365548165,,0
stepover,run,,1.6417495192638742,2.3617865093891197,,False,False,2.382879919803209,7.4346717562303635,0.4645960180868254,,7025,0.24,1.6168137100483142,6.411079236731024,,0
stepover,run,,1.65548011259701,1.6758614514373091,,False,False,1.6248328584086338,7.5581988913390585,0.23248990032784117,,7026,0.0,1.6785441964185208,7.559890495177541,,0
stepover,run,,1.4344102342364389,1.9496514806581173,,False,False,1.9504634993766603,8.384692720360105,0.10065519482686319,,7027,0.1,1.4088113329292644,7.769292816072277,,0
stepover,run,,1.595911661667993,2.0560793253013023,,False,False,2.039307624163713,7.633031448102234,0.526658916077385,,7028,0.12,1.4871087924814514,6.213857327892818,,0
stepover,run,,1.632404457339508,1.6020631003144832,,False,False,1.588317802636087,5.438273966162481,0.6075033616183316,,7029,0.0,1.5645646718083037,5.535462319503838,,0
stepover,run,,1.3310592710942115,1.9288319736010135,,False,False,1.9307903919825882,7.096883165400882,0.4455268789360077,,7030,0.24,1.0863873156044213,4.312814042453096,,0
stepover,run,,1.426236854089729,2.237480781184794,,False,False,2.20803251370447,5.981927871292607,0.953347051688102,,7031,0.14,1.52763827811414,5.915788485615626,,0
stepover,run,,1.503674949521791,2.462800824557611,,False,False,2.443018583427977,6.133323185731279,0.9220359091727237,,7032,0.16,1.5826300726821227,5.178244564084168,,0
stepover,run,,1.5548510034499032,2.208812684125716,,False,False,2.196201776453885,5.935083404883404,0.7322657712367087,,7033,0.16,1.5733815960248962,4.43724365878818,,0
stepover,run,,1.6829490794725381,2.1141669366323774,,False,False,2.1207740655763976,7.420953268149418,0.4606061728762683,,7034,0.12,1.7335423558904866,5.710940243060675,,0
stepover,run,,1.6676954877095498,1.9548519269058455,,False,False,1.9467890961063667,6.236690305326233,0.3276554991082188,,7035,0.0,1.7135322514021865,6.517057598921231,,0
stepover,run,,1.5453281143212665,1.9406504791992338,,False,False,1.9159863142844593,4.727267113302614,0.8248863757793246,,7036,0.02,1.515099832799248,4.490820638559025,,0
stepover,run,,1.3110506384759706,1.8872693276509052,,False,False,1.8743084043132225,7.508014958039793,0.817770307355814,,7037,0.16,1.16097898332418,4.386348847377009,,0
stepover,run,,1.583334264486501,2.043332562900862,,False,False,2.0418791984004394,5.107470269120723,0.625554769903351,,7038,0.06,1.591429388099598,5.209309721107635,,0
stepover,run,,1.485159676609799,1.5654692802138745,,False,False,1.518228380651626,8.33372862203002,0.1548485071723299,,7039,0.0,1.4700477227704773,7.901684347508213,,0
stepover,run,,1.5503790146072498,2.409549483795192,,False,False,2.3837605181931103,8.02617718051799,0.2201827552104604,,7040,0.28,1.5824812054905437,7.100169572980511,,0
stepover,run,,1.5019221273684995,2.0540981629040562,,False,False,2.0315468346753196,8.160810040320902,0.26677026144974125,,7041,0.28,1.468764477047617,7.240874106830862,,0
stepover,run,,1.6276786689514111,2.381967139797318,,False,False,2.399235365582347,6.969599327846173,0.5030014935060461,,7042,0.24,1.600341262485332,5.123519529975266,,0
stepover,run,,1.596078842131097,1.8611877867465245,,False,False,1.8558588034865684,9.147894101481644,0.15446639607397702,,7043,0.06,1.567368162756645,8.098850179704817,,0
stepover,run,,1.6048090494382636,2.2167587112434104,,False,False,2.192610816503452,5.713303859480093,0.6854332394863217,,7044,0.14,1.5202338935370452,4.9876835642329596,,0
stepover,run,,1.6392542492922082,1.8742324316811814,,False,False,1.8580425785899868,5.323826006115692,0.9321450752690132,,7045,0.0,1.7468248097321795,5.343321097072199,,0
stepover,run,,1.5916852665745902,2.453088207888636,,False,False,2.4587808048199395,8.67813279111948,0.4056997955100985,,7046,0.3,1.511408158215292,7.054285947860435,,0
stepover,run,,1.6747786871501786,2.0391540591843142,,False,False,2.0276300754024272,5.755245052982624,0.9066667951195058,,7047,0.0,1.6795381978286072,4.798048207746076,,0
stepover,run,,1.3148753764635082,1.8755886606624153,,False,False,1.8817920984841243,8.11326443692284,0.6118837653798901,,7048,0.2,1.2520184349324708,4.901652652607832,,0
stepover,run,,1.393079918751002,1.8810466834230524,,False,False,1.8853949376410553,5.903116542662301,0.852916487970439,,7049,0.1,1.33716016432414,5.116090347391003,,0
walk,stepover,,0.44124206151515,1.4413868920947555,,False,False,1.401510277830977,10.801457009420167,0.9519715300702707,,7000,0.32,0.4453545872784524,3.749712932828803,,0
walk,stepover,,0.5314281874292841,1.3545744366659935,,False,False,1.3214968748877356,11.664525124539763,0.2533113134846845,,7001,0.18,0.5281339523499797,2.5501600731017517,,0
walk,stepover,,0.4554596801174362,1.5477221687153457,,False,False,1.5403408797753888,13.266265534710596,0.07140106394045805,,7002,0.44,0.45508724993203703,3.398346051303609,,0
walk,stepover,,0.4539899395926182,1.646186657872464,,False,False,1.632951811478905,5.959031177711931,0.36171756464902904,,7003,0.28,0.4146343015347034,2.6990008559496546,,0
walk,stepover,,0.5112999483100555,1.5640860187665488,,False,False,1.610442881676987,26.508122810668954,0.989924346949264,,7004,1.46,0.5272247222793,3.9635700341628857,,0
walk,stepover,,0.35512329166487644,1.6290532955909316,,False,False,1.6050732588378338,9.383121251470754,0.5102777980311557,,7005,0.42,0.33371565214321375,2.858783737956421,,0
walk,stepover,,0.4019074558121564,1.4525443427169509,,False,False,1.4175774481496597,5.888558271559174,0.20947721252257928,,7006,0.22,0.4013586006224863,2.326790685952328,,0
walk,stepover,,0.3345171827247623,1.4550750854087895,,False,False,1.4017479541566902,12.821170001947081,0.6420732723013569,,7007,0.4,0.34404298367626784,2.08905730894702,,0
walk,stepover,,0.5629638846939471,1.6293434846666848,,False,False,1.6304636717875363,9.981113765311418,0.4274835708366301,,7008,0.3,0.5361444645496302,3.0600590952419235,,0
walk,stepover,,0.440116826669863,1.6544287714583725,,False,False,1.6521251822800878,11.113824525761983,0.547902340946012,,7009,0.42,0.41190123762540776,2.8603591197922618,,0
walk,stepover,,0.3567817873255723,1.3684025578293784,,False,False,1.2903966875781065,9.25143774666637,0.688355070689747,,7010,0.26,0.3751918869486982,2.513989422567886,,0
walk,stepover,,0.5622301795329494,1.3493491607806114,,False,False,1.3450884114991124,9.746794805468069,0.12530890794856778,,7011,0.22,0.5409584721491669,3.1543481567397116,,0
walk,stepover,,0.4678340925324488,1.6710225338943228,,False,False,1.6729428532643922,13.521272069665613,0.7933143698878691,,7012,0.32,0.478460370120364,3.324373829932259,,0
walk,stepover,,0.47490655797258907,1.3027212007994202,,False,False,1.286506290491374,9.864595259182876,0.37931525649015085,,7013,0.16,0.43281552105691956,2.746082129092107,,0
walk,stepover,,0.4627233071336764,1.4073453257042614,,False,False,1.352901244513232,7.557738289234961,0.10236768968293211,,7014,0.24,0.4459318393369545,3.168681558017184,,0
walk,stepover,,0.36443628881179124,1.4911315426180831,49,True,False,0.03258125688881493,60.640487702709486,0.9810455653540757,tilt,7015,,0.36642834608797503,3.6314682801900715,,0
walk,stepover,,0.4706414497632334,1.6186614573123963,,False,False,1.5682509279138688,7.900481850917973,0.0728237991582132,,7016,0.42,0.47072059717035253,3.441477194305565,,0
walk,stepover,,0.43463487978173204,1.5691436697455141,,False,False,1.5360278667563376,7.807379020242961,0.7637511576799545,,7017,0.34,0.4533347457301758,2.9733409422696653,,0
walk,stepover,,0.5605848134574674,1.654947474589337,,False,False,1.6298440047345517,7.25924155776757,0.778834674252384,,7018,0.32,0.5706124792305708,3.356468195725749,,0
walk,stepover,,0.3711836141815178,1.4669965220568326,,False,False,1.4507422378067671,8.222501220156591,0.672769247314962,,7019,0.26,0.38481185151688074,2.4088949944579983,,0
walk,stepover,,0.5075773426227208,1.352080345946258,,False,False,1.2643913571168353,7.092570911803978,0.28333701819968704,,7020,0.18,0.4935669250879207,2.435581263213283,,0
walk,stepover,,0.5882938556665516,1.5463440498411367,,False,False,1.525799009005714,6.366798461210368,0.6244339602769389,,7021,0.26,0.5658440668688847,2.3353806552114023,,0
walk,stepover,,0.4340887138374979,1.3950278716108508,,False,False,1.3817528578490093,11.0945408654699,0.7930533385977381,,7022,0.32,0.4457679649944696,3.245354782151092,,0
walk,stepover,,0.5183809891645426,1.3669787034667489,,False,False,1.325146088331668,7.837179208785792,0.1253658243318875,,7023,0.24,0.4955999946685752,3.0615090482943432,,0
walk,stepover,,0.4856174554134234,1.6977560327281718,,False,False,1.690707846690109,15.73320842946427,0.7337505884515025,,7024,0.36,0.4974984499830789,3.0294617718364503,,0
walk,stepover,,0.5652192531962406,1.574331424783538,,False,False,1.5270937345952658,8.298249443818968,0.447244027494973,,7025,0.28,0.5400560614900072,3.4424082207378603,,0
walk,stepover,,0.31959088340906067,1.4559552542740932,,False,False,1.437561406037842,5.719192613615617,0.22095161123414725,,7026,0.58,0.3186661781184738,2.2415147006592457,,0
walk,stepover,,0.41437168857135376,1.3393641624053367,,False,False,1.2859029055012456,10.44998676536325,0.06065519482685962,,7027,0.28,0.41941140841749674,3.3137923849566624,,0
walk,stepover,,0.468785497845157,1.5602892010815055,,False,False,1.5174888871132084,6.0479482142866186,0.8796795466692717,,7028,0.28,0.45740636795873824,3.7129365479431247,,0
walk,stepover,,0.4687355408943411,1.3004817431954547,,False,False,1.2584000322290578,9.21288148482538,0.6865957261133802,,7029,0.24,0.4741178247824802,2.746700062113893,,0
walk,stepover,,0.3455511209030169,1.3556001906617046,,False,False,1.2586072779175272,5.692875235539013,0.34552687893600414,,7030,0.28,0.3088951616517173,2.6289376792102237,,0
walk,stepover,,0.4326501604689543,1.5407023309127497,,False,False,1.530008216804832,14.842166008452777,0.7633470516880982,,7031,0.36,0.45156573267330063,2.9661040999511195,,0
walk,stepover,,0.5289696211752936,1.3029204484434886,,False,False,1.2354415894254764,9.75426230863171,0.8093247211280619,,7032,0.3,0.5364355064742913,3.428499257368831,,0
walk,stepover,,0.41589345211726186,1.4510941985756691,,False,False,1.4528402762778532,9.442090993669199,0.2588984896403155,,7033,0.18,0.40915907364831333,2.361443005854806,,0
walk,stepover,,0.4588961599133269,1.541838170893575,,False,False,1.5690745875410874,8.773982617604537,0.23998086173597694,,7034,0.2,0.4534226536635594,2.46453941035346,,0
walk,stepover,,0.39421666468586836,1.3376026414885909,,False,False,1.3315816105486582,9.14223734792704,0.18794347530901778,,7035,0.22,0.3869778752002321,2.464650856212632,,0
walk,stepover,,0.329544581281394,1.6716541066635877,,False,False,1.7040312266037931,11.578514623671262,0.5529176898517312,,7036,0.42,0.3172896402567854,2.4257089646055476,,0
walk,stepover,,0.5788943911885738,1.5156112660399075,,False,False,1.4943681054886582,10.635051071333585,0.6677703073558103,,7037,0.28,0.5682149354500337,2.5494336928471717,,0
walk,stepover,,0.37478318341568395,1.385611189673394,,False,False,1.3654581348506796,12.221893879722197,0.9388822183486616,,7038,0.32,0.370848323341369,3.6274847614813956,,0
walk,stepover,,0.46141253949707095,1.446029512051138,,False,False,1.423547644449642,9.208095506580515,0.9648485071723263,,7039,0.26,0.46973627184163375,3.7671433868982627,,0
walk,stepover,,0.5499365220574319,1.3866348745039385,,False,False,1.2860572579628202,7.143484515116267,0.8738783463983821,,7040,0.3,0.542132603341879,3.8139470917016056,,0
walk,stepover,,0.5400536271664782,1.4112520150300512,,False,False,1.367419702950942,9.354949185571716,0.1247377441229364,,7041,0.24,0.5181403692905667,3.110718884480107,,0
walk,stepover,,0.4034739317446357,1.535969649119254,,False,False,1.5186380069131942,7.28367917090466,0.5611794524911875,,7042,0.3,0.3906976360048511,2.4887367449690783,,0
walk,stepover,,0.5860676885217467,1.3671292757499827,,False,False,1.3152974706575518,8.692255047111269,0.4706991517038075,,7043,0.12,0.5753385453851996,3.322908099053499,,0
walk,stepover,,0.5495025735747732,1.3558773945043023,,False,False,1.2619215217037958,8.795974477418191,0.9719056759353903,,7044,0.26,0.5697039849902529,4.028558345353292,,0
walk,stepover,,0.49133872442683774,1.6319805760824826,,False,False,1.6105803768311961,7.261803442818357,0.9687687296573151,,7045,0.28,0.5039959082095489,3.8755822991847997,,0
walk,stepover,,0.4301050389985691,1.6027836229409826,,False,False,1.5978605103643582,14.028550279813025,0.7964196694051051,,7046,0.34,0.44211138981142895,3.2310389757191933,,0
walk,stepover,,0.4275046630631706,1.6508055062745028,,False,False,1.6495582548295276,8.644224900738271,0.6690566398163793,,7047,0.26,0.43589891982598816,2.417612860670047,,0
walk,stepover,,0.37546176826442257,1.5948069161183143,,False,False,1.5762278393990448,10.148124038530408,0.5218837653798865,,7048,0.44,0.3612966483647489,2.7809787588208947,,0
walk,stepover,,0.541152213465229,1.3851754372903742,,False,False,1.3197799436160644,9.932054540098953,0.6629164879704352,,7049,0.28,0.53328451729704,2.4724179380686615,,0
stepover,walk,,1.4029768264118427,0.47106949597261416,,False,False,0.4644274866169213,7.312922074270152,0.05197153007027433,,7000,0.6,1.4284610261069342,7.7644786355115505,,0
stepover,walk,,1.530552860832307,0.35594563723842676,,False,False,0.34217021352021976,10.210272931421928,0.5002948217784046,,7001,0.8,1.485218085344599,5.791680701615299,,0
stepover,walk,,1.586737763658664,0.3222548043867759,,False,False,0.31639040643701277,8.124235590082057,0.7913184855363827,,7002,0.7000000000000001,1.5046706783110468,5.437632059829787,,0
stepover,walk,,1.304093545706331,0.5905519793098758,,False,False,0.5814178776853735,3.949304819086691,0.5517175646490327,,7003,0.2,1.1687609118140703,2.833465391090821,,0
stepover,walk,,1.3821244211825152,0.42344457501021476,,False,False,0.41535361880316096,6.652593581044044,0.07992434694926759,,7004,0.6,1.4181314319908274,7.083761146523928,,0
stepover,walk,,1.5561204145473218,0.39514459848971417,,False,False,0.38504217677753544,6.254637437546197,0.991591593097381,,7005,0.64,1.6409272068835685,6.240039781838114,,0
stepover,walk,,1.6340577565442556,0.34478043003817976,,False,False,0.33513426634261195,10.160337829051846,0.17867876848961425,,7006,0.76,1.653395484093044,7.35535039463901,,0
stepover,walk,,1.64254347095752,0.3885257979449476,,False,False,0.37765101780874716,5.501102206221173,0.6515445310762772,,7007,0.74,1.6038144662204739,5.299394259548283,,0
stepover,walk,,1.4450629371201713,0.5476867896704765,,False,False,0.5392494702628929,5.447622112889163,0.6174835708366337,,7008,0.26,1.3772092782375798,5.008985966890445,,0
stepover,walk,,1.528215661881249,0.408891874011366,,False,False,0.4015297684276414,8.054748428781535,0.8334037578473777,,7009,0.68,1.421949629597903,4.924961651210579,,0
stepover,walk,,1.5334875127252756,0.5580599969733472,,False,False,0.5525462144818759,6.702304606884127,0.09200540187699938,,7010,0.6,1.5764920811091259,6.403582259966976,,0
stepover,walk,,1.4508406381767038,0.5886579270151155,,False,False,0.5858135931224896,11.215996789740913,0.2653089079485713,,7011,0.66,1.4616178647877818,6.956107457348903,,0
stepover,walk,,1.3647781162891985,0.39976603398656047,,False,False,0.3914451760291102,5.5306022204586345,0.9333143698878728,,7012,0.64,1.419549448923976,6.026492483021697,,0
stepover,walk,,1.393691051119998,0.34965746255683705,,False,False,0.3373082058015203,13.176726764630255,0.3793152564901544,,7013,0.68,1.4433778913915962,6.319193317968038,,0
stepover,walk,,1.4595504058385227,0.354573514113816,,False,False,0.34372786177518705,7.329063252765318,0.14236768968293567,,7014,0.76,1.5180070447548546,5.9365741266009815,,0
stepover,walk,,1.3460578816201278,0.493210750603025,,False,False,0.4848174884446119,8.286830920587295,0.9910455653540793,,7015,0.64,1.2806860149296135,8.558276707680548,,0
stepover,walk,,1.4169912554780142,0.30189427847638667,,False,False,0.29339671284580227,8.033845816370519,0.12282379915821673,,7016,0.76,1.4001234879522004,8.347116461840752,,0
stepover,walk,,1.6993461244390922,0.5186141489535498,,False,False,0.5145086972981593,6.927318030687328,0.9738148268032951,,7017,0.68,1.8013941439393326,5.708632072329041,,0
stepover,walk,,1.6926926975045125,0.4062953942869808,,False,False,0.39682025692576467,11.321386092402085,0.19821408433116783,,7018,0.76,1.743030205202393,6.61530854716523,,0
stepover,walk,,1.5720130975031053,0.3476276685275734,,False,False,0.3380824884571868,10.164075808515845,0.19636992793409183,,7019,0.76,1.5382668501893075,7.986268065840229,,0
stepover,walk,,1.5954502058594986,0.5919110074476837,,False,False,0.5891278349909372,6.43155884163153,0.04658231923172118,,7020,0.56,1.6635739489906025,6.429009134629798,,0
stepover,walk,,1.4201336106770412,0.3597058205965589,,False,False,0.3528567003704764,5.738484536222698,0.7244339602769425,,7021,0.7000000000000001,1.3533974514372877,4.898878493515379,,0
stepover,walk,,1.3516587252172374,0.5821253213380733,,False,False,0.5786154496818767,5.225830636573291,0.8230533385977417,,7022,0.52,1.2443432081767503,4.517108333010816,,0
stepover,walk,,1.60472294795949,0.4527945162755972,,False,False,0.44799946862719253,7.829365357882029,0.8141758068847811,,7023,0.68,1.5544396005395191,4.804722616923662,,0
stepover,walk,,1.5030096468366345,0.3883942594987372,,False,False,0.38220069507537313,4.947794842265426,0.7518084694713066,,7024,0.7000000000000001,1.3335545160014353,5.4779673365548165,,0
stepover,walk,,1.6417495192638742,0.5723015000042457,,False,False,0.5643637507998875,12.229057478249967,0.4645960180868254,,7025,0.64,1.6168137100483142,6.411079236731024,,0
stepover,walk,,1.65548011259701,0.5678120051667528,,False,False,0.5631367189249822,11.293621913359667,0.23248990032784117,,7026,0.7000000000000001,1.6785441964185208,7.559890495177541,,0
stepover,walk,,1.4344102342364389,0.516873996832482,,False,False,0.511626803026364,7.519719670463648,0.10065519482686319,,7027,0.6,1.4088113329292644,7.769292816072277,,0
stepover,walk,,1.595911661667993,0.47178232378704976,,False,False,0.45949433451400956,8.40393687208448,0.526658916077385,,7028,0.62,1.4871087924814514,6.213857327892818,,0
stepover,walk,,1.632404457339508,0.49492734173418385,,False,False,0.48327112309572356,6.202488225795405,0.6075033616183316,,7029,0.54,1.5645646718083037,5.535462319503838,,0
stepover,walk,,1.3310592710942115,0.3975077401639493,,False,False,0.3818848620935985,8.689516372710992,0.4455268789360077,,7030,0.66,1.0863873156044213,4.312814042453096,,0
stepover,walk,,1.426236854089729,0.48020864455045453,,False,False,0.47400507101349726,5.587524843458274,0.953347051688102,,7031,0.64,1.52763827811414,5.915788485615626,,0
stepover,walk,,1.503674949521791,0.4782120856628823,,False,False,0.47316777527828996,4.8507347349174665,0.9220359091727237,,7032,0.64,1.5826300726821227,5.178244564084168,,0
stepover,walk,,1.5548510034499032,0.3728193389673989,,False,False,0.36425120599558186,6.687203488064068,0.7322657712367087,,7033,0.72,1.5733815960248962,4.43724365878818,,0
stepover,walk,,1.6829490794725381,0.4981506116428829,,False,False,0.4867519000365015,10.930782079429031,0.4606061728762683,,7034,0.64,1.7335423558904866,5.710940243060675,,0
stepover,walk,,1.6676954877095498,0.4095052895557365,,False,False,0.398699469242366,14.394670705709737,0.3276554991082188,,7035,0.68,1.7135322514021865,6.517057598921231,,0
stepover,walk,,1.5453281143212665,0.4022877978102523,,False,False,0.3967483140812878,7.455222008323686,0.8248863757793246,,7036,0.68,1.515099832799248,4.490820638559025,,0
stepover,walk,,1.3110506384759706,0.3453308517696882,,False,False,0.3415475385311625,6.6347338361799615,0.817770307355814,,7037,0.68,1.16097898332418,4.386348847377009,,0
stepover,walk,,1.583334264486501,0.3696820876674978,,False,False,0.3582845438770855,5.971494330842762,0.625554769903351,,7038,0.74,1.591429388099598,5.209309721107635,,0
stepover,walk,,1.485159676609799,0.3166640480554828,,False,False,0.30955850677001934,8.172262542511554,0.1548485071723299,,7039,0.78,1.4700477227704773,7.901684347508213,,0
stepover,walk,,1.5503790146072498,0.5600386416350064,,False,False,0.5571030481112689,10.233733627008084,0.2201827552104604,,7040,0.7000000000000001,1.5824812054905437,7.100169572980511,,0
stepover,walk,,1.5019221273684995,0.5466906140864729,,False,False,0.541611156134856,10.738515373210278,0.26677026144974125,,7041,0.68,1.468764477047617,7.240874106830862,,0
stepover,walk,,1.6276786689514111,0.41223641196021604,,False,False,0.39759398793228007,10.538423604817162,0.5030014935060461,,7042,0.76,1.600341262485332,5.123519529975266,,0
stepover,walk,,1.596078842131097,0.5171939198561138,,False,False,0.5122226900271807,8.290276757753675,0.15446639607397702,,7043,0.72,1.567368162756645,8.098850179704817,,0
stepover,walk,,1.6048090494382636,0.5040158522303999,,False,False,0.49342857994293543,5.060741381697103,0.6854332394863217,,7044,0.58,1.5202338935370452,4.9876835642329596,,0
stepover,walk,,1.6392542492922082,0.5654408715647152,,False,False,0.5608074461536254,5.275521965200151,0.9321450752690132,,7045,0.48,1.7468248097321795,5.343321097072199,,0
stepover,walk,,1.5916852665745902,0.4822347989348865,,False,False,0.4708468204524659,14.204557891167543,0.4056997955100985,,7046,0.66,1.511408158215292,7.054285947860435,,0
stepover,walk,,1.6747786871501786,0.540991378410653,,False,False,0.5366891808715981,5.159601695249072,0.9066667951195058,,7047,0.6,1.6795381978286072,4.798048207746076,,0
stepover,walk,,1.3148753764635082,0.4681329226526846,,False,False,0.45703727556959606,5.111422762635899,0.6118837653798901,,7048,0.26,1.2520184349324708,4.901652652607832,,0
stepover,walk,,1.393079918751002,0.5089867573673135,,False,False,0.5035902948239561,6.399276407402111,0.852916487970439,,7049,0.66,1.33716016432414,5.116090347391003,,0
stepover,stand,,1.4029768264118427,0.0,,False,False,0.0005001665489819494,15.407525297915969,0.05197153007027433,,7000,0.72,1.4284610261069342,7.7644786355115505,,0
stepover,stand,,1.530552860832307,0.0,,False,False,0.000649913329182484,24.949041444954528,0.5002948217784046,,7001,1.06,1.485218085344599,5.791680701615299,,0
stepover,stand,,1.586737763658664,0.0,,False,False,0.00019765862698577246,9.964893741242644,0.7913184855363827,,7002,0.96,1.5046706783110468,5.437632059829787,,0
stepover,stand,,1.304093545706331,0.0,,False,False,0.0004247503300883928,11.873769221471017,0.5517175646490327,,7003,0.52,1.1687609118140703,2.833465391090821,,0
stepover,stand,,1.3821244211825152,0.0,,False,False,0.0004762986608478859,19.720066227859892,0.07992434694926759,,7004,0.8,1.4181314319908274,7.083761146523928,,0
stepover,stand,,1.5561204145473218,0.0,,False,False,-0.00013677179694765207,15.076824384716325,0.991591593097381,,7005,0.44,1.6409272068835685,6.240039781838114,,0
stepover,stand,,1.6340577565442556,0.0,29,True,False,0.970529092462103,60.90398956930915,0.17867876848961425,tilt,7006,,1.653395484093044,7.35535039463901,,0
stepover,stand,,1.64254347095752,0.0,,False,False,0.0004685683115911596,14.788459347640364,0.6515445310762772,,7007,0.62,1.6038144662204739,5.299394259548283,,0
stepover,stand,,1.4450629371201713,0.0,,False,False,0.0006062361882180153,11.474127712755688,0.6174835708366337,,7008,0.6,1.3772092782375798,5.008985966890445,,0
stepover,stand,,1.528215661881249,0.0,,False,False,0.00022810972668098654,15.496240748739547,0.8334037578473777,,7009,0.78,1.421949629597903,4.924961651210579,,0
stepover,stand,,1.5334875127252756,0.0,,False,False,0.0006248636753527914,16.909040780590768,0.09200540187699938,,7010,0.86,1.5764920811091259,6.403582259966976,,0
stepover,stand,,1.4508406381767038,0.0,,False,False,0.00014625880365943812,15.523175417642136,0.2653089079485713,,7011,0.72,1.4616178647877818,6.956107457348903,,0
stepover,stand,,1.3647781162891985,0.0,,False,False,0.0007540193083236224,8.612861056874447,0.9333143698878728,,7012,0.6,1.419549448923976,6.026492483021697,,0
stepover,stand,,1.393691051119998,0.0,,False,False,0.00029713009033692386,29.950784749013383,0.3793152564901544,,7013,0.96,1.4433778913915962,6.319193317968038,,0
stepover,stand,,1.4595504058385227,0.0,,False,False,0.0004650877827276726,28.45988885372866,0.14236768968293567,,7014,1.2,1.5180070447548546,5.9365741266009815,,0
stepover,stand,,1.3460578816201278,0.0,,False,False,0.00037849470492061347,11.55068135137487,0.9910455653540793,,7015,0.62,1.2806860149296135,8.558276707680548,,0
stepover,stand,,1.4169912554780142,0.0,,False,False,9.861208964815291e-05,19.471701374234943,0.12282379915821673,,7016,0.86,1.4001234879522004,8.347116461840752,,0
stepover,stand,,1.6993461244390922,0.0,,False,False,0.0005873155469493766,19.897182378138893,0.9738148268032951,,7017,1.02,1.8013941439393326,5.708632072329041,,0
stepover,stand,,1.6926926975045125,0.0,,False,False,0.0004547476651181874,17.998354619991556,0.19821408433116783,,7018,0.88,1.743030205202393,6.61530854716523,,0
stepover,stand,,1.5720130975031053,0.0,,False,False,0.000604047863267016,32.13177549458951,0.19636992793409183,,7019,1.22,1.5382668501893075,7.986268065840229,,0
stepover,stand,,1.5954502058594986,0.0,,False,False,0.0007075719806691278,14.120410980410742,0.04658231923172118,,7020,1.08,1.6635739489906025,6.429009134629798,,0
stepover,stand,,1.4201336106770412,0.0,,False,False,0.0006102721159074643,13.691534441898513,0.7244339602769425,,7021,0.84,1.3533974514372877,4.898878493515379,,0
stepover,stand,,1.3516587252172374,0.0,,False,False,0.0002192360427474448,12.331646274640384,0.8230533385977417,,7022,0.62,1.2443432081767503,4.517108333010816,,0
stepover,stand,,1.60472294795949,0.0,,False,False,0.000752342481504963,17.925809098780864,0.8141758068847811,,7023,0.84,1.5544396005395191,4.804722616923662,,0
stepover,stand,,1.5030096468366345,0.0,,False,False,0.000305336511056807,13.843830376269697,0.7518084694713066,,7024,0.7000000000000001,1.3335545160014353,5.4779673365548165,,0
stepover,stand,,1.6417495192638742,0.0,20,True,False,1.1614577278037703,63.901500521434,0.4645960180868254,tilt,7025,,1.6168137100483142,6.411079236731024,,0
stepover,stand,,1.65548011259701,0.0,,False,False,0.00024281285054336216,13.438437078635612,0.23248990032784117,,7026,0.72,1.6785441964185208,7.559890495177541,,0
stepover,stand,,1.4344102342364389,0.0,,False,False,0.0002477125220170537,17.127389241678106,0.10065519482686319,,7027,0.9,1.4088113329292644,7.769292816072277,,0
stepover,stand,,1.595911661667993,0.0,,False,False,0.0006426212573393651,43.26584034194058,0.526658916077385,,7028,1.4000000000000001,1.4871087924814514,6.213857327892818,,0
stepover,stand,,1.632404457339508,0.0,,False,False,0.0004398596681852012,26.72909778383191,0.6075033616183316,,7029,1.04,1.5645646718083037,5.535462319503838,,0
stepover,stand,,1.3310592710942115,0.0,,False,False,6.460900650164428e-05,22.75844132087239,0.4455268789360077,,7030,0.56,1.0863873156044213,4.312814042453096,,0
stepover,stand,,1.426236854089729,0.0,,False,False,-0.00031153825173504073,10.09887388086521,0.953347051688102,,7031,0.5,1.52763827811414,5.915788485615626,,0
stepover,stand,,1.503674949521791,0.0,,False,False,0.0006194745462420867,12.88478612261444,0.9220359091727237,,7032,0.74,1.5826300726821227,5.178244564084168,,0
stepover,stand,,1.5548510034499032,0.0,,False,False,0.0002998757088835351,15.183847529262307,0.7322657712367087,,7033,0.48,1.5733815960248962,4.43724365878818,,0
stepover,stand,,1.6829490794725381,0.0,26,True,False,0.8155889945605982,69.14258612130338,0.4606061728762683,tilt,7034,,1.7335423558904866,5.710940243060675,,0
stepover,stand,,1.6676954877095498,0.0,,False,False,0.0003251704773476132,23.638719124890756,0.3276554991082188,,7035,1.44,1.7135322514021865,6.517057598921231,,0
stepover,stand,,1.5453281143212665,0.0,,False,False,3.256054777815129e-05,14.391300810555588,0.8248863757793246,,7036,0.68,1.515099832799248,4.490820638559025,,0
stepover,stand,,1.3110506384759706,0.0,,False,False,-5.067968772242319e-05,9.834658053297405,0.817770307355814,,7037,0.6,1.16097898332418,4.386348847377009,,0
stepover,stand,,1.583334264486501,0.0,21,True,False,1.0807458098158051,63.226334659236755,0.625554769903351,tilt,7038,,1.591429388099598,5.209309721107635,,0
stepover,stand,,1.485159676609799,0.0,,False,False,0.0003599747176421548,17.404480784151545,0.1548485071723299,,7039,0.7000000000000001,1.4700477227704773,7.901684347508213,,0
stepover,stand,,1.5503790146072498,0.0,,False,False,0.0005078636207861562,21.041584552464446,0.2201827552104604,,7040,0.88,1.5824812054905437,7.100169572980511,,0
stepover,stand,,1.5019221273684995,0.0,,False,False,0.0004353929399085486,17.40774472458251,0.26677026144974125,,7041,0.96,1.468764477047617,7.240874106830862,,0
stepover,stand,,1.6276786689514111,0.0,11,True,False,1.289350859188893,60.65200592580875,0.5030014935060461,tilt,7042,,1.600341262485332,5.123519529975266,,0
stepover,stand,,1.596078842131097,0.0,,False,False,0.0006376732500263924,18.302943014404818,0.15446639607397702,,7043,1.1,1.567368162756645,8.098850179704817,,0
stepover,stand,,1.6048090494382636,0.0,,False,False,0.0005097448673050325,12.274529797113576,0.6854332394863217,,7044,0.6,1.5202338935370452,4.9876835642329596,,0
stepover,stand,,1.6392542492922082,0.0,,False,False,0.0001699517784243195,14.352726439098465,0.9321450752690132,,7045,0.62,1.7468248097321795,5.343321097072199,,0
stepover,stand,,1.5916852665745902,0.0,,False,False,1.4782432594553874e-05,19.21717026402744,0.4056997955100985,,7046,0.58,1.511408158215292,7.054285947860435,,0
stepover,stand,,1.6747786871501786,0.0,,False,False,0.0005173108834254639,18.270003105081873,0.9066667951195058,,7047,1.02,1.6795381978286072,4.798048207746076,,0
stepover,stand,,1.3148753764635082,0.0,,False,False,-8.82107845773975e-05,18.562159489760962,0.6118837653798901,,7048,0.46,1.2520184349324708,4.901652652607832,,0
stepover,stand,,1.393079918751002,0.0,,False,False,4.559233802243821e-05,9.832281151344338,0.852916487970439,,7049,0.42,1.33716016432414,5.116090347391003,,0
terrain,terrain,,0.7684272339579266,0.7684272339579266,,False,False,0.7616103770499074,2.830442647302973,0.25197153007027073,,7000,0.0,0.7535336663960199,2.826291093675031,,0
terrain,terrain,,0.6481838972294871,0.6481838972294871,,False,False,0.6474262855550234,2.823878201702064,0.9033113134846849,,7001,0.0,0.644503082176042,2.0642740577626397,,0
terrain,terrain,,0.4565085886782767,0.4565085886782767,,False,False,0.48546499746421956,3.8131309152026858,0.2714010639404576,,7002,,0.5468921858271149,3.2239791122187187,,0
terrain,terrain,,0.6535532363890919,0.6535532363890919,,False,False,0.6546972350321778,4.870814642775224,0.4617175646490286,,7003,0.12,0.5952888156836846,4.945702331737975,,0
terrain,terrain,,0.7721317386476783,0.7721317386476783,,False,False,0.7580619090884991,2.754764742077987,0.6399243469492637,,7004,0.0,0.7022788548539927,1.9503548687950873,,0
terrain,terrain,,0.5923917736504406,0.5923917736504406,,False,False,0.6006951751274958,2.7795910879732904,0.5102777980311557,,7005,0.0,0.5924796408359267,1.6571663038920117,,0
terrain,terrain,,0.43252853781626965,0.43252853781626965,,False,False,0.4632063000128802,3.205446339847006,0.9094772125225792,,7006,,0.38131891029659315,3.3153525220109192,,0
terrain,terrain,,0.6418290459786908,0.6418290459786908,,False,False,0.6489558565131281,2.610309797629781,0.09207327230135683,,7007,0.0,0.7014376023619359,2.064122000915559,,0
terrain,terrain,,0.599026181674057,0.599026181674057,,False,False,0.6076741221402837,2.5872568859444702,0.7274835708366298,,7008,0.0,0.5759270877344318,1.4360107647711988,,0
terrain,terrain,,0.5543295417344711,0.5543295417344711,,False,False,0.5714907816697736,3.4811826579315692,0.247902340946012,,7009,0.0,0.6530676169838852,2.786410539285022,,0
terrain,terrain,,0.6938944028241066,0.6938944028241066,,False,False,0.6865860977660997,5.177124950059946,0.38835507068974684,,7010,0.16,0.6421353377617645,4.852404105723615,,0
terrain,terrain,,0.6210800539580238,0.6210800539580238,,False,False,0.6271528400322509,3.514709216670346,0.6253089079485674,,7011,0.0,0.5960394838348069,2.337428105760769,,0
terrain,terrain,,0.6064929841167874,0.6064929841167874,,False,False,0.6097000952586291,3.619490809698389,0.4933143698878688,,7012,0.0,0.6889520337856627,2.4434805099662418,,0
terrain,terrain,,0.4259136021870335,0.4259136021870335,,False,False,0.4600847577667905,3.8675270688902583,0.9793152564901513,,7013,,0.5242384562658879,2.83654338051644,,0
terrain,terrain,,0.5642274719238729,0.5642274719238729,,False,False,0.5870221518795171,5.983562488751135,0.05236768968293211,,7014,0.7000000000000001,0.6244541182895048,3.046826784859756,,0
terrain,terrain,,0.5453869168777243,0.5453869168777243,,False,False,0.5666131482841706,3.715573368775212,0.1810455653540758,,7015,3.14,0.599864578821575,2.550002816085812,,0
terrain,terrain,,0.7170442061730805,0.7170442061730805,,False,False,0.7047398173203264,2.5725527125956478,0.822823799158213,,7016,0.0,0.6768106735770715,1.9002032594365237,,0
terrain,terrain,,0.5454885849605061,0.5454885849605061,,False,False,0.5662156784424063,2.7754608755009773,0.013751157679954717,,7017,0.0,0.6212755047119997,2.034687640335435,,0
terrain,terrain,,0.6115142117178373,0.6115142117178373,,False,False,0.6157282347606496,2.574809614749132,0.3788346742523837,,7018,0.0,0.6010629798321968,2.079826112882488,,0
terrain,terrain,,0.5216424410897178,0.5216424410897178,,False,False,0.5407787769866281,2.6561211111521286,0.622769247314962,,7019,,0.5619490795353531,1.206340937848948,,0
terrain,terrain,,0.6959016988667577,0.6959016988667577,,False,False,0.6956485062344804,5.020853983905413,0.23333701819968705,,7020,0.24,0.6933776362532021,4.277754212306635,,0
terrain,terrain,,0.7563011727995789,0.7563011727995789,,False,False,0.7361663999738656,2.5703910582109923,0.9244339602769391,,7021,0.0,0.7347557583717524,1.6284395604727333,,0
terrain,terrain,,0.6155262312751961,0.6155262312751961,,False,False,0.6234962651966582,3.6036534890356884,0.0430533385977383,,7022,0.0,0.7097377349296932,1.2771281227063946,,0
terrain,terrain,,0.7364806333399723,0.7364806333399723,,False,False,0.7320387565369461,2.5543915046996872,0.2253658243318875,,7023,0.0,0.7089220513961451,2.5190645855762193,,0
terrain,terrain,,0.6770556435420476,0.6770556435420476,,False,False,0.6765915267457129,3.4090631758389485,0.033750588451502805,,7024,0.0,0.7684542094625857,1.056285539450043,,0
terrain,terrain,,0.5248705132486707,0.5248705132486707,,False,False,0.5450606961607146,2.8420701468575755,0.6472440274949731,,7025,,0.555848336260485,1.2557073374820016,,0
terrain,terrain,,0.6806755287827213,0.6806755287827213,,False,False,0.6870792777431645,2.5972378832814424,0.12095161123414724,,7026,0.0,0.6888295279133317,2.1581954177458256,,0
terrain,terrain,,0.745767392699477,0.745767392699477,,False,False,0.7374033404597378,2.751593443173629,0.010655194826859615,,7027,0.0,0.8066919562620076,1.5979451406526037,,0
terrain,terrain,,0.46512520450491496,0.46512520450491496,,False,False,0.48942047598144406,2.760158390004869,0.8796795466692717,,7028,,0.3930908147660331,3.12228374523427,,0
terrain,terrain,,0.4774080532212188,0.4774080532212188,,False,False,0.49955704897071407,2.7056449869868753,0.28659572611338,,7029,,0.49667315239883203,2.7056862566747695,,0
terrain,terrain,,0.6819566524435579,0.6819566524435579,,False,False,0.6775492804189736,5.357418497403252,0.5455268789360042,,7030,0.0,0.5804552573663488,5.333560888198312,,0
terrain,terrain,,0.7971060946512496,0.7971060946512496,,False,False,0.7895756184120755,2.7336255215169314,0.11334705168809803,,7031,0.0,0.8225202963965086,2.170190598516934,,0
terrain,terrain,,0.4606019598434654,0.4606019598434654,,False,False,0.48955391225970407,2.8057351065065763,0.25932472112806204,,7032,,0.47929835542711613,2.814482862526469,,0
terrain,terrain,,0.6991399264918994,0.6991399264918994,,False,False,0.7021786317539678,5.491421202801858,0.2088984896403155,,7033,1.42,0.7083268501012631,4.343862526417344,,0
terrain,terrain,,0.6577106128731708,0.6577106128731708,,False,False,0.6539398136714684,3.523382300054464,0.3899808617359769,,7034,0.0,0.7537681056885496,2.569404492099989,,0
terrain,terrain,,0.6814525404209939,0.6814525404209939,,False,False,0.6710782014115858,3.441887125596145,0.9379434753090177,,7035,0.0,0.7247138117955626,2.694766363365934,,0
terrain,terrain,,0.5640885423083742,0.5640885423083742,,False,False,0.5882810571646205,3.560380393956535,0.10291768985173158,,7036,0.0,0.6039180280435409,1.6395168318345918,,0
terrain,terrain,,0.5878643056612084,0.5878643056612084,,False,False,0.600585186133046,2.677467535611327,0.7177703073558104,,7037,0.0,0.5734114194087202,1.4013396859269511,,0
terrain,terrain,,0.6694317647023931,0.6694317647023931,,False,False,0.6661597854261497,3.4860739101405973,0.5888822183486613,,7038,0.0,0.6541019402246282,1.9742775814945202,,0
terrain,terrain,,0.45579173027317504,0.45579173027317504,,False,False,0.48640010855703325,2.7277517044643864,0.7148485071723261,,7039,,0.47398940360751324,1.446884722763548,,0
terrain,terrain,,0.7378811979389606,0.7378811979389606,,False,False,0.7264533288064541,4.1941279644426555,0.723878346398382,,7040,0.04,0.5799810626844175,4.253583279680982,,0
terrain,terrain,,0.5193082301649921,0.5193082301649921,,False,False,0.5367422167087742,2.652176527711851,0.574737744122936,,7041,0.0,0.5680471550927766,1.4835489416183152,,0
terrain,terrain,,0.5462741553663313,0.5462741553663313,,False,False,0.5601292370524491,2.7877807047176715,0.4611794524911874,,7042,,0.5379866234454558,1.7175081810894668,,0
terrain,terrain,,0.7479081102878989,0.7479081102878989,,False,False,0.7377463393319478,2.6057083810268784,0.5706991517038076,,7043,0.0,0.7588216281025729,1.6531653854361572,,0
terrain,terrain,,0.7265601361092787,0.7265601361092787,,False,False,0.7210325194624103,5.452399088572083,0.2719056759353904,,7044,0.6,0.7294755627363905,4.601575493945887,,0
terrain,terrain,,0.758348379082652,0.758348379082652,,False,False,0.7420843553171074,2.638113594322276,0.7687687296573149,,7045,0.0,0.6907553239854577,1.7552986658760918,,0
terrain,terrain,,0.5822770736545044,0.5822770736545044,,False,False,0.5886900145948255,2.7654702041933823,0.8964196694051052,,7046,0.0,0.5846210911357749,2.12151530668598,,0
terrain,terrain,,0.7727567656602972,0.7727567656602972,,False,False,0.7505991093887481,5.369313797969405,0.9190566398163795,,7047,0.36,0.6877077042462766,3.182227610942046,,0
terrain,terrain,,0.5508682246663829,0.5508682246663829,,False,False,0.5665520060420043,2.71393288751432,0.6218837653798865,,7048,0.0,0.567284268370935,1.5812709201109434,,0
terrain,terrain,,0.4267366067487415,0.4267366067487415,,False,False,0.45550981253706746,3.8927746943772954,0.3129164879704351,,7049,,0.5141110878816573,3.201590207845351,,0
stepover,stepover,,1.4029768264118427,1.4029768264118427,,False,False,1.3517233350676663,8.412009867934508,0.4119715300702743,,7000,0.0,1.3643768561953338,6.499815962639103,,0
stepover,stepover,,1.530552860832307,1.530552860832307,,False,False,1.5163968424985492,8.163000886480363,0.28823856559480465,,7001,0.0,1.4944388123109182,7.505087060994781,,0
stepover,stepover,,1.586737763658664,1.586737763658664,,False,False,1.5484550748646664,8.249054183807909,0.8035624011656103,,7002,0.0,1.5511535932830816,5.268928676405521,,0
stepover,stepover,,1.304093545706331,1.304093545706331,,False,False,1.2491891407449165,7.716747569711605,0.4717175646490322,,7003,0.0,1.0356920041277078,4.497763410085613,,0
stepover,stepover,,1.3821244211825152,1.3821244211825152,,False,False,1.3211827468577695,8.352631647698692,0.6599243469492673,,7004,0.0,1.345203108719982,4.545813985178322,,0
stepover,stepover,,1.5561204145473218,1.5561204145473218,,False,False,1.5505792746685763,8.116027831880299,0.991591593097381,,7005,0.0,1.6409272068835685,6.240039781838114,,0
stepover,stepover,,1.6340577565442556,1.6340577565442556,,False,False,1.6044604777272427,7.35535039463901,0.8025918377043036,,7006,0.0,1.5454431196723686,5.333997227356163,,0
stepover,stepover,,1.64254347095752,1.64254347095752,,False,False,1.6250864296136507,8.184232288691444,0.9601849674656229,,7007,0.0,1.7520696770227013,5.872121842728197,,0
stepover,stepover,,1.4450629371201713,1.4450629371201713,,False,False,1.4094276634613212,8.570288487095922,0.7774835708366334,,7008,0.0,1.3738108286102644,4.435814659746204,,0
stepover,stepover,,1.528215661881249,1.528215661881249,,False,False,1.5107388860756361,8.091902669573514,0.47001787842162773,,7009,0.0,1.4919010582425571,5.903634605520035,,0
stepover,stepover,,1.5334875127252756,1.5334875127252756,,False,False,1.4970658726317236,7.858574341665158,0.7279869003499663,,7010,0.0,1.4409642252316672,4.738108392575335,,0
stepover,stepover,,1.4508406381767038,1.4508406381767038,,False,False,1.4221439838947914,8.418160628725154,0.665308907948571,,7011,0.0,1.4841562946061517,4.440681848964873,,0
stepover,stepover,,1.3647781162891985,1.3647781162891985,,False,False,1.3295502717094876,8.349399059830805,0.5733143698878724,,7012,0.0,1.2502493244499309,5.603907132178943,,0
stepover,stepover,,1.393691051119998,1.393691051119998,,False,False,1.3682872929941874,9.08515983439932,0.09931525649015488,,7013,0.0,1.4011155868844938,8.029184390202198,,0
stepover,stepover,,1.4595504058385227,1.4595504058385227,,False,False,1.4568745191968702,7.176119280712868,0.08236768968293567,,7014,0.0,1.5072999958685214,5.601665953352356,,0
stepover,stepover,,1.3460578816201278,1.3460578816201278,,False,False,1.2908471827129233,9.477834446921923,0.23104556535407933,,7015,0.0,1.2045957519322634,8.400181977403266,,0
stepover,stepover,,1.4169912554780142,1.4169912554780142,,False,False,1.3551248722600002,8.586378382882296,0.8228237991582166,,7016,0.0,1.285990457119051,4.683073046381339,,0
stepover,stepover,,1.6993461244390922,1.6993461244390922,,False,False,1.7002120755705559,7.835891364475777,0.2937494392472044,,7017,0.0,1.686090032996933,7.73477141918012,,0
stepover,stepover,,1.6926926975045125,1.6926926975045125,,False,False,1.6887330717126425,7.715280564254817,0.6873832527304458,,7018,0.0,1.6753699215437012,5.493238537416083,,0
stepover,stepover,,1.5720130975031053,1.5720130975031053,,False,False,1.5165973553122685,7.986268065840229,0.13492966598402972,,7019,0.0,1.5320814229265165,7.9903117031234645,,0
stepover,stepover,,1.5954502058594986,1.5954502058594986,,False,False,1.6204817242878267,7.989421413530698,0.9846733151145312,,7020,0.0,1.7032041371569697,5.768505999686829,,0
stepover,stepover,,1.4201336106770412,1.4201336106770412,,False,False,1.3996696486890772,8.338438483755288,0.08443396027694278,,7021,0.0,1.4652156003295882,7.304299233071172,,0
stepover,stepover,,1.3516587252172374,1.3516587252172374,,False,False,1.303475548637428,8.926559200068887,0.12305333859774181,,7022,0.0,1.2874290457891084,9.155069349867501,,0
stepover,stepover,,1.60472294795949,1.60472294795949,,False,False,1.6177776391120637,7.5778111707125175,0.9383647248031608,,7023,0.0,1.7292659380756337,5.264921926525412,,0
stepover,stepover,,1.5030096468366345,1.5030096468366345,,False,False,1.4703636808366685,6.822574742046022,0.11216962709170285,,7024,0.0,1.4949557385885728,5.871629181120713,,0
stepover,stepover,,1.6417495192638742,1.6417495192638742,,False,False,1.6504324196160862,8.092189432402202,0.7159359796279354,,7025,0.0,1.5822849604109783,5.968258314153884,,0
stepover,stepover,,1.65548011259701,1.65548011259701,,False,False,1.6417960328349777,7.741176923947808,0.10627069582396077,,7026,0.0,1.7032149968917694,7.249501337271583,,0
stepover,stepover,,1.4344102342364389,1.4344102342364389,,False,False,1.4101883377928937,8.323653310977958,0.040655194826863195,,7027,0.0,1.4547732995143199,7.321565902631025,,0
stepover,stepover,,1.595911661667993,1.595911661667993,,False,False,1.5912988130892918,8.056484995076378,0.526658916077385,,7028,0.0,1.4871087924814514,6.213857327892818,,0
stepover,stepover,,1.632404457339508,1.632404457339508,,False,False,1.6248310915005288,7.739425412253563,0.10631864844401034,,7029,0.0,1.6523681341647243,7.33896637515461,,0
stepover,stepover,,1.3310592710942115,1.3310592710942115,,False,False,1.2908864053171774,6.931367334525444,0.6855268789360078,,7030,0.34,1.187628931124933,3.450458504603747,,0
stepover,stepover,,1.426236854089729,1.426236854089729,,False,False,1.3897608813975058,8.28134235231464,0.1733470516881016,,7031,0.0,1.386496229978982,8.320180959904567,,0
stepover,stepover,,1.503674949521791,1.503674949521791,,False,False,1.4963530523608057,8.210680254831871,0.4626974000866461,,7032,0.0,1.461949580667485,5.663742972192635,,0
stepover,stepover,,1.5548510034499032,1.5548510034499032,,False,False,1.5243901880158375,8.639934305140798,0.6711687511677106,,7033,0.0,1.588816855615997,4.104527187429833,,0
stepover,stepover,,1.6829490794725381,1.6829490794725381,,False,False,1.6605766424704442,9.014798715661046,0.6515831176446207,,7034,0.0,1.7086993460330957,5.310112664094787,,0
stepover,stepover,,1.6676954877095498,1.6676954877095498,,False,False,1.6718329574311395,8.817809646037583,0.010885950337263806,,7035,0.0,1.754288828095133,7.62525098823075,,0
stepover,stepover,,1.5453281143212665,1.5453281143212665,,False,False,1.5317142426214911,8.748603074478916,0.49485856093000313,,7036,0.0,1.5640386630621954,4.649885736294009,,0
stepover,stepover,,1.3110506384759706,1.3110506384759706,,False,False,1.2377777219511907,8.238822139999723,0.8777703073558141,,7037,0.0,1.2971050719500261,5.083252799803513,,0
stepover,stepover,,1.583334264486501,1.583334264486501,,False,False,1.5403604709678986,7.989673560979507,0.1938879728752408,,7038,0.0,1.557592707501384,8.19896316110876,,0
stepover,stepover,,1.485159676609799,1.485159676609799,,False,False,1.4702672128052712,8.16596154692334,0.8548485071723297,,7039,0.0,1.4068858319023703,4.709195397341596,,0
stepover,stepover,,1.5503790146072498,1.5503790146072498,,False,False,1.567899949704826,7.788189950860177,0.03716001433402538,,7040,0.0,1.6237996341243335,5.690561454388541,,0
stepover,stepover,,1.5019221273684995,1.5019221273684995,,False,False,1.4900689463489056,8.155539050393383,0.6063473934286713,,7041,0.0,1.475833207320755,5.024490409282686,,0
stepover,stepover,,1.6276786689514111,1.6276786689514111,,False,False,1.6267747682315732,7.217747412755815,0.3778943467479896,,7042,0.0,1.5853670563672424,6.2173368268908895,,0
stepover,stepover,,1.596078842131097,1.596078842131097,,False,False,1.5531010205586708,8.436483654989825,0.2783095497592209,,7043,0.0,1.544753030809955,7.7833138238202,,0
stepover,stepover,,1.6048090494382636,1.6048090494382636,,False,False,1.596712327699542,7.604994640874948,0.05801032541891327,,7044,0.0,1.6583870009517172,5.5869795907969495,,0
stepover,stepover,,1.6392542492922082,1.6392542492922082,,False,False,1.6406168864651385,7.238664472787822,0.6810047353256363,,7045,0.0,1.5983704053226222,5.540116609936922,,0
stepover,stepover,,1.5916852665745902,1.5916852665745902,,False,False,1.5369420450349704,8.082882577717362,0.5293672061730821,,7046,0.0,1.5102571660806456,6.102677099967466,,0
stepover,stepover,,1.6747786871501786,1.6747786871501786,,False,False,1.6774638141945832,7.748852659179389,0.22414466383452375,,7047,0.0,1.6474642845612792,7.934198389765154,,0
stepover,stepover,,1.3148753764635082,1.3148753764635082,,False,False,1.278426278523896,8.213062591145862,0.7318837653798902,,7048,0.0,1.2132743151621215,4.937388192385927,,0
stepover,stepover,,1.393079918751002,1.393079918751002,,False,False,1.3679473862842104,8.621660924057645,0.43291648797043863,,7049,0.0,1.4118161385130639,5.7984047735668955,,0
